event_date,event_name,title_fights,avg_ufc_experience,avg_ufc_win_pct,avg_win_streak,avg_finish_rate,rankings_available,total_ranking_points,ranked_fighters,ranked_matchups,ranking_title_fights,ranking_depth_index,title_fights_score,avg_ufc_experience_score,avg_ufc_win_pct_score,avg_win_streak_score,avg_finish_rate_score,clean_rank30_card_quality,star_experience_score,main_event_score,fanfare_score,event_strength_rank,event_strength_score,v2_event_strength_score,v2_rank,v2_percentile,rank_change_vs_published
1994-03-11,UFC 2: No Way Out,0,0.7,0.4222222222222222,0.6,0.43333333333333335,False,,,,,,0.0,0.8883248730964468,19.69504447268107,19.186785260482846,53.367217280813215,18.627474377414718,6.785714286,30.83242569,,711,19.49065746,18.716254453700856,717,9.137055837563452,-6
1994-09-09,UFC 3: The American Dream,0,0.5,0.16666666666666666,0.4166666666666667,0.16666666666666666,False,,,,,,0.0,0.4441624365482234,1.0165184243964422,6.925031766200762,1.4612452350698857,1.9693915724430626,2.5,0.0,,786,1.481448729,1.6176890259153431,786,0.3807106598984772,0
1994-12-16,UFC 4: Revenge of the Warriors,0,1.3,0.425,1.2,0.45,False,,,,,,0.0,2.4111675126903553,19.949174078780178,76.55654383735705,59.21219822109276,31.62581672998407,15.68181818,38.42610837,,569,29.69715941,29.39068837421408,575,27.157360406091367,-6
1995-04-07,UFC 5: The Return of the Beast,0,1.45,0.5108333333333334,1.15,0.55,False,,,,,,0.0,3.2994923857868024,45.48919949174079,72.68106734434562,88.75476493011436,42.04490483039751,11.00649351,43.18298569,,493,34.41224436,34.73593516220318,474,39.974619289340104,19
1995-07-14,UFC 6: Clash of the Titans,0,1.6,0.4083333333333333,0.55,0.55,False,,,,,,0.0,3.934010152284264,16.010165184243967,15.247776365946633,88.75476493011436,24.789343326517844,6.006493506,31.85846089,,679,22.21493403,21.92598655257579,678,14.086294416243655,1
1995-09-08,UFC 7: The Brawl in Buffalo,0,1.5,0.4151515151515152,0.5,0.5454545454545454,False,,,,,,0.0,3.616751269035533,17.916137229987296,11.753494282083862,87.67471410419314,24.192219377059967,5.194805195,31.26567738,,683,21.57379681,21.277474533275093,688,12.81725888324873,-5
1995-12-16,UFC - Ultimate Ultimate '95,0,4.333333333333333,0.7175485008818342,1.1111111111111112,0.9272486772486772,False,,,,,,0.0,30.520304568527916,97.712833545108,70.33036848792884,100.0,59.712701320312945,32.27272727,32.66726343,,336,43.95689331,46.39404506815995,308,61.04060913705583,28
1996-02-16,UFC 8: David vs Goliath,0,1.1111111111111112,0.2222222222222222,0.2222222222222222,0.2777777777777778,False,,,,,,0.0,1.7766497461928936,2.1601016518424396,1.3977128335451081,8.57687420584498,2.7822676874850845,6.785714286,7.34391249,,778,5.285397983,4.8759566966257095,779,1.2690355329949239,-1
1996-05-17,UFC 9: Motor City Madness,0,1.8571428571428572,0.2952380952380952,0.7142857142857143,0.3392857142857143,False,,,,,,0.0,6.281725888324872,4.066073697585769,31.8297331639136,20.4574332909784,12.526993208160528,23.73376623,44.32501636,,640,25.59495897,23.039276717282046,663,15.989847715736042,-23
1996-07-12,UFC 10: The Tournament,0,2.0,0.4435185185185185,0.7222222222222222,0.5555555555555556,False,,,,,,0.0,6.979695431472082,24.015247776365946,32.14739517153748,89.70775095298602,30.57001786647231,6.785714286,9.440992141,,727,17.71627393,19.59120403613029,709,10.152284263959391,18
1996-09-20,UFC 11: The Proving Ground,0,1.9375,0.38125,0.8125,0.53125,False,,,,,,0.0,6.598984771573605,11.944091486658195,42.43964421855146,83.98983481575604,28.99451105850786,11.00649351,26.53078289,,663,23.58397884,23.99519543879291,651,17.512690355329948,12
1996-12-07,UFC - Ultimate Ultimate '96,0,4.75,0.5109722222222223,0.65,0.7875,False,,,,,,0.0,37.37309644670051,45.61626429479034,25.222363405336722,99.87293519695044,41.6169318687556,23.73376623,14.48927187,,595,28.36481946,30.61428560180842,554,29.82233502538071,41
1997-02-07,UFC 12: Judgement Day,1,1.7777777777777777,0.3556397306397306,1.0,0.32407407407407407,False,,,,,,32.80701754385965,5.32994923857868,8.386277001270647,60.419313850063524,16.70902160101652,24.730315846957804,15.03246753,51.88460453,,544,30.85702188,28.997445714222874,584,26.015228426395936,-40
1997-05-30,UFC 13: The Ultimate Force,0,1.2222222222222223,0.3111111111111111,0.6111111111111112,0.3333333333333333,False,,,,,,0.0,2.030456852791878,5.082592121982211,19.82210927573062,19.37738246505718,9.26250814311238,1.363636364,23.925057,,757,11.89544173,10.915851428790772,760,3.6802030456852792,-3
1997-07-27,UFC 14: Showdown,1,1.0,0.24444444444444446,0.5,0.2777777777777778,False,,,,,,32.80701754385965,1.3959390862944163,2.9224904701397714,11.753494282083862,8.57687420584498,11.491163117644534,16.9393052,22.22150883,,733,16.33465275,15.445904578573874,738,6.472081218274112,-5
1997-10-17,UFC 15: Collision Course,1,2.0714285714285716,0.5675324675324676,0.9285714285714286,0.5714285714285714,False,,,,,,32.80701754385965,7.4238578680203045,67.47141041931386,53.93900889453621,91.86785260482846,50.7018294661117,20.995465,21.3581448,,504,33.67583405,36.2673730115682,453,42.63959390862944,51
1997-12-21,UFC - Ultimate Japan,2,2.0714285714285716,0.35119047619047616,0.5714285714285714,0.39285714285714285,False,,,,,,81.40350877192982,7.4238578680203045,7.750952986022871,16.45489199491741,37.484116899618805,30.103465704101843,39.98122302,40.10661984,,457,35.93208402,34.96324405898539,470,40.48223350253807,-13
1998-03-13,UFC 16: Battle in the Bayou,1,0.875,0.3,0.5,0.296875,False,,,,,,32.80701754385965,1.2690355329949239,4.3837357052096575,11.753494282083862,11.054637865311308,12.25358418589188,15.85375825,4.01730055,,766,10.58458806,11.120312957233628,759,3.807106598984772,7
1998-05-15,UFC 17: Redemption,1,1.3888888888888888,0.24420024420024422,0.2777777777777778,0.2142857142857143,False,,,,,,32.80701754385965,2.7918781725888326,2.7954256670902162,2.2236340533672174,3.430749682337993,8.809741023848781,45.41380654,11.1690346,,716,19.12739701,18.334117690856043,718,9.01015228426396,-2
1998-10-16,UFC - Ultimate Brazil,2,1.75,0.3982142857142857,0.6875,0.3359375,False,,,,,,81.40350877192982,4.885786802030457,14.612452350698856,28.589580686149933,20.076238881829735,29.91351349852776,47.42346599,18.74733561,,540,30.97984355,31.464213957025297,535,32.233502538071065,5
1999-01-08,UFC 18: The Road to the Heavyweight Title,1,1.8571428571428572,0.47023809523809523,0.9285714285714286,0.43809523809523804,False,,,,,,32.80701754385965,6.281725888324872,30.241423125794153,53.93900889453621,55.65438373570522,35.78471183764402,37.90615314,4.221081583,,625,26.40305614,28.58773231597361,592,25.0,33
1999-03-05,UFC 19: Ultimate Young Guns,0,1.7142857142857142,0.4472789115646258,0.6428571428571429,0.375,False,,,,,,0.0,4.568527918781726,24.904701397712834,24.52350698856417,31.003811944091485,17.000109649830044,37.90615314,27.48277024,,636,25.86369117,24.6729039805798,647,18.02030456852792,-11
1999-05-07,UFC 20: Battle for the Gold,1,0.8571428571428571,0.369047619047619,0.5714285714285714,0.32142857142857145,False,,,,,,32.80701754385965,1.1421319796954315,10.546378653113088,16.45489199491741,16.264294790343076,15.44294299238573,1.915584416,24.21152174,,741,14.71875568,14.279685700908262,741,6.091370558375635,0
1999-07-16,UFC 21: Return of the Champions,1,1.5,0.3,0.375,0.234375,False,,,,,,32.80701754385965,3.616751269035533,4.3837357052096575,4.7649301143583225,4.320203303684879,9.978527587229609,44.63392025,15.22582459,,696,20.70578154,19.7325183943618,707,10.406091370558377,-11
1999-09-24,UFC 22: Only One Can be Champion,1,1.3125,0.265625,0.625,0.3125,False,,,,,,32.80701754385965,2.5380710659898478,3.430749682337993,21.664548919949176,13.087674714104194,14.705612385248173,41.44944002,50.85745412,,515,33.20902015,30.080109342237954,567,28.17258883248731,-52
1999-11-19,UFC 23: Ultimate Japan 2,1,1.3571428571428572,0.4642857142857143,0.6428571428571429,0.35714285714285715,False,,,,,,32.80701754385965,2.66497461928934,29.09783989834816,24.52350698856417,25.03176620076239,22.825021050164743,13.98247799,9.528918787,,732,16.34743382,17.41335219335087,722,8.50253807106599,10
2000-03-10,UFC 24: First Defense,0,0.21428571428571427,0.0,0.0,0.0,False,,,,,,0.0,0.12690355329949238,0.0,0.0,0.0,0.025380710659898477,0.0,,,788,0.015651438,0.01716930426993132,788,0.12690355329949238,0
2000-04-14,UFC 25: Ultimate Japan 3,1,1.4166666666666667,0.3833333333333333,0.5833333333333334,0.5,False,,,,,,32.80701754385965,2.918781725888325,12.198221092757306,17.598475222363405,77.44599745870394,28.593698608714526,16.8882033,9.141651438,,714,19.44118501,20.977410447076316,692,12.30964467005076,22
2000-06-09,UFC 26: Ultimate Field Of Dreams,2,1.1875,0.35416666666666663,0.8125,0.134375,False,,,,,,81.40350877192982,1.903553299492386,8.132147395171538,42.43964421855146,1.0165184243964422,26.97907442190833,34.79359586,34.64185648,,538,31.47034908,30.762415276530927,553,29.949238578680205,-15
2000-09-22,UFC 27: Ultimate Bad Boyz,0,2.625,0.36979166666666663,0.625,0.4270833333333333,False,,,,,,0.0,11.421319796954315,10.673443456162643,21.664548919949176,51.334180432020325,19.018698521017292,59.56898519,33.32100632,,497,34.23191317,32.4271105020755,516,34.64467005076142,-19
2000-11-17,UFC 28: High Stakes,1,1.2857142857142858,0.3154761904761905,0.7857142857142857,0.19642857142857142,False,,,,,,32.80701754385965,2.284263959390863,5.463786531130877,39.58068614993647,2.1601016518424396,16.45917116723206,60.55660664,49.07328146,,423,38.37253916,35.21088235436305,467,40.86294416243655,-44
2000-12-16,UFC 29: Defense of the Belts,2,2.2142857142857144,0.619047619047619,1.2857142857142858,0.48214285714285715,False,,,,,,81.40350877192982,8.058375634517766,82.33799237611181,80.74968233799238,70.52096569250318,64.614104962611,46.39810044,29.48873642,,282,48.7943851,51.57510265777895,255,67.76649746192894,27
2001-02-23,UFC 30: Battle on the Boardwalk,2,2.0625,0.35714285714285715,1.0,0.39166666666666666,False,,,,,,81.40350877192982,7.233502538071066,9.085133418043203,60.419313850063524,37.10292249047014,39.04887621371555,47.42346599,44.32449175,,350,42.98040436,42.38559306789906,364,53.93401015228426,-14
2001-05-04,UFC 31: Locked and Loaded,2,2.375,0.45669642857142856,1.1875,0.3461309523809524,False,,,,,,81.40350877192982,9.454314720812183,26.810673443456164,75.66709021601017,22.109275730622617,43.08897257656619,73.80763819,52.38516494,,221,54.12901909,52.87038230424495,239,69.79695431472082,-18
2001-06-29,UFC 32: Showdown in the Meadowlands,1,2.125,0.5765625,0.875,0.5461309523809524,False,,,,,,32.80701754385965,7.741116751269035,71.15628970775096,48.60228716645489,87.92884371029224,49.64711097592535,63.7485026,47.11872346,,235,52.63506498,52.47606753569518,244,69.16243654822335,-9
2001-09-28,UFC 33: Victory in Vegas,3,2.375,0.5361111111111111,1.0625,0.3973214285714286,False,,,,,,98.7719298245614,9.454314720812183,55.14612452350699,66.64548919949173,39.26302414231258,53.85617648213697,47.32872545,54.36051194,,241,52.40677347,52.3838593417589,245,69.03553299492386,-4
2001-11-02,UFC 34: High Voltage,2,2.75,0.65625,1.0,0.65625,False,,,,,,81.40350877192982,12.246192893401016,90.85133418043202,60.419313850063524,98.72935196950444,68.72994033306617,62.71619669,57.68437279,,121,63.66503765,64.55988648756716,122,84.64467005076142,-1
2002-01-11,UFC 35: Throwdown,2,2.5,0.5458333333333334,1.125,0.425,False,,,,,,81.40350877192982,10.469543147208121,58.95806861499364,71.6010165184244,50.444726810673444,54.575372772645885,47.82933392,43.51114072,,276,49.38793101,50.22175099579679,265,66.49746192893402,11
2002-03-22,UFC 36: Worlds Collide,2,3.5625,0.6740079365079366,1.1875,0.6982886904761905,False,,,,,,81.40350877192982,19.47969543147208,93.39263024142312,75.66709021601017,99.11054637865311,73.81069420789767,81.46436653,54.41407754,,72,69.66080507,70.9401967011477,68,91.49746192893402,4
2002-05-10,UFC 37: High Impact,1,1.75,0.365625,0.5625,0.3645833333333333,False,,,,,,32.80701754385965,4.885786802030457,10.038119440914867,15.88310038119441,27.573062261753496,18.237417285950578,22.30628815,27.55461118,,676,22.31885884,21.509566449041408,684,13.324873096446701,-8
2002-06-22,UFC 37.5: As Real As It Gets,0,1.75,0.26587301587301587,0.6666666666666666,0.19444444444444442,False,,,,,,0.0,4.885786802030457,3.5578144853875475,26.55654383735705,2.0330368487928845,7.406636394713589,2.5,33.82869221,,743,14.53123782,12.665961141964724,752,4.695431472081219,-9
2002-07-13,UFC 38: Brawl at the Hall,1,2.2142857142857144,0.36666666666666664,0.6428571428571429,0.44642857142857145,False,,,,,,32.80701754385965,8.058375634517766,10.165184243964422,24.52350698856417,58.449809402795424,26.800778762740286,39.38511342,19.04422026,,604,27.68598031,27.980901822733923,602,23.730964467005077,2
2002-09-27,UFC 39: The Warriors Return,1,3.3125,0.6359375,0.9375,0.4419642857142857,False,,,,,,32.80701754385965,16.370558375634516,86.40406607369758,54.38373570520966,57.179161372299866,49.42890781414025,75.78815767,0.0,,388,40.65498742,43.789658091005016,338,57.233502538071065,50
2002-11-22,UFC 40: Vendetta,2,3.625,0.6557291666666667,1.5625,0.5001488095238095,False,,,,,,81.40350877192982,20.304568527918782,90.47013977128336,92.12198221092758,77.76365946632782,72.41277174967747,86.60645358,64.31289399,,38,73.64141516,73.9023683002796,48,94.03553299492386,-10
2003-02-28,UFC 41: Onslaught,2,4.5,0.5741477272727273,1.0,0.6207589285714286,False,,,,,,81.40350877192982,32.99492385786802,70.39390088945362,60.419313850063524,97.4587039390089,68.53407026166478,70.15126162,23.76971511,,209,54.75628134,57.986985778850894,184,76.77664974619289,25
2003-04-25,UFC 42: Sudden Impact,1,1.625,0.35714285714285715,0.875,0.375,False,,,,,,32.80701754385965,4.124365482233502,9.085133418043203,48.60228716645489,31.003811944091485,25.12452311093655,34.79359586,47.35467954,,480,34.77832369,32.92211246558979,506,35.91370558375635,-26
2003-06-06,UFC 43: Meltdown,1,5.0,0.42217261904761905,0.75,0.5513392857142858,False,,,,,,32.80701754385965,41.878172588832484,19.567979669631512,36.0864040660737,88.9453621346887,43.85698720061721,84.68345344,61.32889746,,157,60.17226501,58.107701455871016,183,76.90355329949239,-26
2003-09-26,UFC 44: Undisputed,2,2.4444444444444446,0.5074915824915824,1.0,0.3996913580246913,False,,,,,,81.40350877192982,10.025380710659897,43.58322744599746,60.419313850063524,40.66073697585769,47.21843355090168,86.57707593,74.51025186,,98,66.29596176,63.510768385794194,130,83.62944162436548,-32
2003-11-21,UFC 45: Revolution,1,4.9375,0.4840191365007541,0.6875,0.5394345238095237,False,,,,,,32.80701754385965,40.736040609137056,35.45108005082592,28.589580686149933,86.40406607369758,44.79755699273403,78.35309273,29.04333331,,284,48.67258124,49.14898882828628,277,64.9746192893401,7
2004-01-31,UFC 46: Supernatural,2,3.5625,0.5619002525252526,1.0625,0.4979166666666667,False,,,,,,81.40350877192982,19.47969543147208,65.94663278271918,66.64548919949173,76.62007623888184,62.01908048489893,88.08607937,56.11082317,,91,67.05899599,66.94677286872611,97,87.81725888324873,-6
2004-04-02,UFC 47: It's On!,0,3.375,0.40312499999999996,0.625,0.4314236111111111,False,,,,,,0.0,16.941624365482234,15.247776365946633,21.664548919949176,52.60482846251588,21.291755622778787,72.71619669,54.85418895,,320,45.48598556,42.06632491919805,368,53.42639593908629,-48
2004-06-19,UFC 48: Payback,1,3.75,0.5015873015873016,0.6875,0.46294642857142854,False,,,,,,32.80701754385965,20.939086294416242,42.058449809402795,28.589580686149933,64.54891994917408,37.788610856600535,80.20374209,21.96946286,,337,43.94786847,44.28985120337361,332,57.99492385786802,5
2005-02-05,UFC 51: Super Saturday,1,6.5,0.5525539275539275,0.8333333333333334,0.7407407407407408,False,,,,,,32.80701754385965,69.41624365482234,62.00762388818297,45.04447268106734,99.74587039390089,61.80424563236664,99.6670533,56.60319689,,63,70.07738257,69.78823114743184,77,90.35532994923858,-14
2005-04-09,The Ultimate Fighter: Team Couture vs. Team Liddell Finale,0,0.6666666666666666,0.09722222222222222,0.16666666666666666,0.1111111111111111,False,,,,,,0.0,0.7614213197969544,0.12706480304955528,0.7623888182973316,0.5082592121982211,0.4318268306684125,25.08865585,40.38357254,,710,19.58814441,16.225033986563854,729,7.614213197969544,-19
2005-04-16,UFC 52: Couture vs Liddell 2,2,3.4375,0.4165088383838384,0.4375,0.35664682539682535,False,,,,,,81.40350877192982,17.512690355329948,18.170266836086405,7.687420584498093,24.650571791613725,29.884891667891598,89.64452093,57.73154616,,216,54.41760981,51.29976103003348,256,67.63959390862944,-40
2005-06-04,UFC 53: Heavy Hitters,2,2.5,0.48973214285714284,0.9375,0.4583333333333333,False,,,,,,81.40350877192982,10.469543147208121,37.61118170266836,54.38373570520966,62.26175349428208,49.225944564259606,18.64596604,11.97475135,,573,29.48764774,32.64499147262158,511,35.27918781725889,62
2005-08-06,UFC Fight Night 1,0,1.0625,0.5208333333333333,0.625,0.5,False,,,,,,0.0,1.6497461928934012,49.04701397712834,21.664548919949176,77.44599745870394,29.961461309734972,0.0,1.404828603,,751,13.17264345,15.65703832793121,735,6.852791878172589,16
2005-08-20,UFC 54: Boiling Point,1,3.9375,0.5675251831501831,0.75,0.59375,False,,,,,,32.80701754385965,23.85786802030457,67.34434561626429,36.0864040660737,94.91740787801778,51.002608624904,91.41844612,34.81204031,,192,56.46771939,56.924341091173154,194,75.50761421319797,-2
2005-10-03,UFC Fight Night 2,0,1.5,0.31385281385281383,0.42857142857142855,0.30357142857142855,False,,,,,,0.0,3.616751269035533,5.209656925031767,7.369758576874205,11.56289707750953,5.551812769690207,17.39874693,17.20025207,,756,12.37586215,11.295126282286107,758,3.934010152284264,-2
2005-10-07,UFC 55: Fury,1,1.8125,0.29791666666666666,0.625,0.36458333333333337,False,,,,,,32.80701754385965,5.774111675126903,4.193138500635324,21.664548919949176,27.70012706480305,18.42778874087482,27.17451655,37.99913335,,620,26.97316632,25.349984220891574,637,19.289340101522843,-17
2005-11-05,The Ultimate Fighter: Team Hughes vs. Team Franklin Finale,0,0.5,0.17857142857142858,0.42857142857142855,0.21428571428571427,False,,,,,,0.0,0.4441624365482234,1.3977128335451081,7.369758576874205,3.303684879288437,2.5030637452511946,0.0,30.83242569,,765,10.86274179,8.816158860683943,770,2.4111675126903553,-5
2005-11-19,UFC 56: Full Force,1,2.6875,0.44270833333333337,1.0,0.3979166666666667,False,,,,,,32.80701754385965,11.99238578680203,23.88818297331639,60.419313850063524,39.51715374841169,33.72481078049066,63.7485026,38.73814634,,347,43.24185924,42.28941747313967,366,53.68020304568528,-19
2006-01-16,UFC Fight Night 3,0,1.625,0.6458333333333333,0.875,0.5416666666666666,False,,,,,,0.0,4.124365482233502,88.43710292249047,48.60228716645489,86.6581956797967,45.56439025019511,16.25487251,11.64827548,,610,27.208622,30.109235636544167,564,28.553299492385786,46
2006-02-04,UFC 57: Liddell vs Couture 3,1,3.6666666666666665,0.5481990231990231,0.7777777777777778,0.6154882154882154,False,,,,,,32.80701754385965,20.558375634517766,60.101651842439644,39.26302414231258,96.69631512071156,49.88527685676824,58.25008081,58.83074079,,204,54.97124139,54.116675673459326,228,71.19289340101524,-24
2006-03-04,UFC 58: USA vs Canada,1,2.25,0.48883928571428575,1.4375,0.4395833333333333,False,,,,,,32.80701754385965,8.312182741116752,36.975857687420586,87.16645489199492,56.416772554002534,44.33565708367889,29.42949681,36.87615926,,427,38.1731022,38.86849621543588,412,47.84263959390863,15
2006-04-06,UFC Fight Night 4,0,1.6666666666666667,0.5648148148148148,0.8888888888888888,0.375,False,,,,,,0.0,4.314720812182741,66.7725540025413,49.68233799237611,31.003811944091485,30.354684950238326,0.162488394,18.63830661,,717,18.81039907,20.1103666422107,703,10.913705583756345,14
2006-04-15,UFC 59: Reality Check,1,3.8333333333333335,0.5410934744268078,1.0555555555555556,0.5324074074074073,False,,,,,,32.80701754385965,22.461928934010153,56.797966963151204,66.2007623888183,84.24396442185514,52.502328050338896,59.70939261,43.86960257,,247,51.74606631,52.15383315861766,250,68.4010152284264,-3
2006-05-27,UFC 60: Hughes vs Gracie,0,3.111111111111111,0.5315764482431149,0.8888888888888888,0.482996632996633,False,,,,,,0.0,14.847715736040609,52.85895806861499,49.68233799237611,70.64803049555273,37.607408458516886,45.12724789,52.5058174,,331,44.42007383,43.08742472746418,350,55.710659898477154,-19
2006-06-24,The Ultimate Fighter: Team Ortiz vs. Team Shamrock Finale,0,0.4444444444444444,0.12962962962962962,0.16666666666666666,0.08333333333333333,False,,,,,,0.0,0.25380710659898476,0.6353240152477764,0.7623888182973316,0.25412960609911056,0.38112990924864065,0.909090909,16.41761212,,777,5.621636783,4.430216027371528,781,1.015228426395939,-4
2006-06-28,UFC Fight Night 5,0,1.9444444444444444,0.5092592592592592,1.0555555555555556,0.412962962962963,False,,,,,,0.0,6.725888324873096,44.34561626429479,66.2007623888183,45.23506988564168,32.50146737272558,9.59625538,10.00425508,,713,19.47420891,21.40309699183752,686,13.071065989847716,27
2006-07-08,UFC 61: Bitter Rivals,1,4.555555555555555,0.49027777777777776,0.5555555555555556,0.5131313131313131,False,,,,,,32.80701754385965,34.263959390862944,37.86531130876747,15.628970775095299,80.43202033036849,40.19945586979077,63.4727499,40.05381326,,312,46.37481273,45.85288177255972,315,60.15228426395939,-3
2006-08-17,UFC Fight Night 6,0,1.7777777777777777,0.3861111111111112,0.6111111111111112,0.36203703703703705,False,,,,,,0.0,5.32994923857868,12.706480304955528,19.82210927573062,26.30241423125794,12.832190610104554,2.651665883,26.45915036,,742,14.56064745,13.67465250456455,744,5.710659898477157,-2
2006-08-26,UFC 62: Liddell vs Sobral,1,2.7777777777777777,0.3345238095238095,0.5555555555555556,0.35277777777777775,False,,,,,,32.80701754385965,12.753807106598986,6.861499364675986,15.628970775095299,23.88818297331639,18.387895552709264,27.66307397,47.68224222,,562,30.17575838,27.816001684495845,605,23.3502538071066,-43
2006-09-23,UFC 63: Hughes vs Penn,1,2.7777777777777777,0.3818783068783069,1.1666666666666667,0.32870370370370366,False,,,,,,32.80701754385965,12.753807106598986,12.07115628970775,73.69758576874206,18.170266836086405,29.89996670899897,46.17045554,51.02231882,,384,40.91596921,39.04043893926614,408,48.3502538071066,-24
2006-10-10,Ortiz vs Shamrock 3: The Final Chapter,0,2.611111111111111,0.41759259259259257,0.5,0.287037037037037,False,,,,,,0.0,11.294416243654823,18.424396442185515,11.753494282083862,9.6569250317662,10.22584639993808,55.1620757,52.06768464,,470,35.31590985,31.43826290974613,536,32.10659898477157,-66
2006-10-14,UFC 64: Unstoppable,2,1.8125,0.5104166666666666,1.1875,0.4375,False,,,,,,81.40350877192982,5.774111675126903,45.23506988564168,75.66709021601017,55.27318932655655,52.67059397505302,26.75300947,43.37987208,,349,43.047391,44.06411907724932,336,57.48730964467005,13
2006-11-11,The Ultimate Fighter: The Comeback Finale,0,2.375,0.234375,0.125,0.265625,False,,,,,,0.0,9.454314720812183,2.5412960609911055,0.25412960609911056,6.98856416772554,3.847660911125588,0.0,3.078409779,,783,2.607945535,2.7190824116641896,783,0.7614213197969544,0
2006-11-18,UFC 65: Bad Intentions,2,3.5555555555555554,0.462610229276896,1.3888888888888888,0.4276556776556777,False,,,,,,81.40350877192982,19.289340101522843,28.589580686149933,85.19695044472681,51.588310038119445,53.21353800848976,49.30657445,62.03336072,,203,55.08418699,54.414459134783655,225,71.57360406091371,-22
2006-12-13,UFC Fight Night: Sanchez vs Riggs,0,2.5,0.3990740740740741,0.7222222222222222,0.437037037037037,False,,,,,,0.0,10.469543147208121,14.866581956797967,32.14739517153748,55.01905972045743,22.5005159992002,13.7216518,23.73263367,,697,20.67287253,20.65575573670232,697,11.6751269035533,0
2006-12-30,UFC 66: Liddell vs Ortiz 2,1,4.611111111111111,0.7606414282884871,1.3333333333333333,0.6189458689458689,False,,,,,,32.80701754385965,35.46954314720812,99.74587039390089,82.71918678526048,97.20457433290979,69.58923844062778,64.41257244,73.70113323,,75,69.55526134,69.32896103343197,83,89.59390862944161,-8
2007-01-25,UFC Fight Night: Evans vs Salmon,0,2.375,0.48854166666666665,1.1875,0.3333333333333333,False,,,,,,0.0,9.454314720812183,36.84879288437103,75.66709021601017,19.37738246505718,28.269516057250115,1.821919956,7.867493451,,739,14.94031848,16.81738703986117,724,8.248730964467004,15
2007-02-03,UFC 67: All or Nothing,0,1.4444444444444444,0.32962962962962966,0.4444444444444444,0.32407407407407407,False,,,,,,0.0,3.1091370558375635,6.480304955527319,8.005082592121983,16.70902160101652,6.860709240900677,8.695105784,15.49013932,,768,10.10725153,9.418533526327014,768,2.66497461928934,0
2007-03-03,UFC 68: The Uprising,1,4.555555555555555,0.5765542328042328,1.0,0.5570868945868946,False,,,,,,32.80701754385965,34.263959390862944,71.0292249047014,60.419313850063524,89.96188055908515,57.69627924971453,66.30449945,57.71948115,,159,60.04970236,59.80618242985409,162,79.56852791878173,-3
2007-04-05,UFC Fight Night: Stevenson vs Guillard,0,1.7777777777777777,0.3074074074074074,0.4444444444444444,0.4259259259259259,False,,,,,,0.0,5.32994923857868,4.955527318932655,8.005082592121983,50.69885641677255,13.797883113281175,7.115019203,17.31810934,,750,13.23540745,13.024793901743712,750,4.949238578680204,0
2007-04-07,UFC 69: Shootout,1,3.5,0.5470017636684303,1.8888888888888888,0.43915343915343913,False,,,,,,32.80701754385965,18.274111675126903,59.593392630241425,96.69631512071156,56.289707750952985,52.7321089441785,14.97873395,31.27056909,,455,36.13224275,38.257351981246785,421,46.7005076142132,34
2007-04-21,UFC 70: Nations Collide,0,1.95,0.3416666666666667,0.5,0.325,False,,,,,,0.0,6.852791878172589,7.242693773824651,11.753494282083862,17.026683608640404,8.5751327085443,26.76357805,23.55692644,,723,18.11723528,16.683413370811532,726,7.994923857868021,-3
2007-05-26,UFC 71: Liddell vs Jackson,1,3.7777777777777777,0.5032407407407408,1.0555555555555556,0.558862433862434,False,,,,,,32.80701754385965,21.31979695431472,42.56670902160102,66.2007623888183,90.21601016518424,50.62205921475559,41.97492468,58.17811599,,259,50.88374752,50.35535131798619,264,66.6243654822335,-5
2007-06-12,UFC Fight Night: Stout vs Fisher,0,1.8888888888888888,0.36111111111111105,0.4444444444444444,0.25555555555555554,False,,,,,,0.0,6.472081218274112,9.529860228716645,8.005082592121983,5.972045743329097,5.995813956488368,1.187642441,4.041231937,,781,4.127905299,4.3426964257162775,782,0.8883248730964468,-1
2007-06-16,UFC 72: Victory,0,2.6875,0.45572916666666663,0.625,0.5639880952380952,False,,,,,,0.0,11.99238578680203,26.55654383735705,21.664548919949176,90.72426937738246,30.187549584298143,28.87367896,42.51280181,,500,33.84061771,32.87922064241905,507,35.786802030456855,-7
2007-06-23,The Ultimate Fighter: Team Pulver vs. Team Penn Finale,0,1.4444444444444444,0.22354497354497355,0.2777777777777778,0.1388888888888889,False,,,,,,0.0,3.1091370558375635,2.2871664548919948,2.2236340533672174,1.1435832274459974,1.7527041583085545,28.15835653,33.14465233,,720,18.64252863,15.881006513357704,734,6.979695431472082,-14
2007-07-07,UFC 73: Stacked,2,3.888888888888889,0.5268959435626103,1.2222222222222223,0.381980056980057,False,,,,,,81.40350877192982,23.03299492385787,51.588310038119445,78.08132147395172,33.41804320203304,53.504835681978385,66.93770961,39.0949246,,238,52.51620871,53.26600437767784,234,70.43147208121827,4
2007-08-25,UFC 74: Respect,1,4.722222222222222,0.5875771604938271,1.3888888888888888,0.5561207311207311,False,,,,,,32.80701754385965,36.92893401015229,74.7141041931385,85.19695044472681,89.83481575603558,63.896364389582565,63.15004295,59.27955139,,142,62.3391671,62.58537597111998,140,82.36040609137056,2
2007-09-08,UFC 75: Champion vs Champion,1,2.0555555555555554,0.7342592592592593,1.3333333333333333,0.6712962962962963,False,,,,,,32.80701754385965,7.1065989847715745,99.11054637865311,82.71918678526048,98.856416772554,64.11995329301976,8.300491113,26.75927898,,437,37.66465839,41.34258659472122,377,52.28426395939086,60
2007-09-19,UFC Fight Night: Thomas vs Florian,0,3.4444444444444446,0.5238095238095238,1.0,0.6287037037037037,False,,,,,,0.0,17.703045685279186,50.95298602287166,60.419313850063524,97.712833545108,45.35763582066447,20.31403806,25.91464426,,524,32.66848362,34.48313620878406,479,39.340101522842644,45
2007-09-22,UFC 76: Knockout,0,3.4444444444444446,0.4987939620292561,0.8333333333333334,0.3727513227513227,False,,,,,,0.0,17.703045685279186,41.550190597204576,45.04447268106734,30.241423125794153,26.90782641786905,46.28108802,45.34756684,,431,37.93464761,36.1510046904664,456,42.25888324873097,-25
2007-10-20,UFC 77: Hostile Territory,1,3.888888888888889,0.5131994548661215,0.9444444444444444,0.4652777777777778,False,,,,,,32.80701754385965,23.03299492385787,46.50571791613723,54.76493011435832,65.31130876747142,44.4843938531369,56.35057831,56.83838311,,248,51.63413268,50.404880760936635,262,66.87817258883248,-14
2007-11-17,UFC 78: Validation,0,3.111111111111111,0.5701058201058201,1.2222222222222223,0.5916666666666666,False,,,,,,0.0,14.847715736040609,68.86912325285896,78.08132147395172,94.28208386277002,51.216048865124264,12.05073014,27.67794782,,509,33.54368793,35.888546254619065,457,42.13197969543147,52
2007-12-08,The Ultimate Fighter: Team Hughes vs. Team Serra Finale,0,0.7777777777777778,0.10555555555555556,0.3333333333333333,0.08888888888888889,False,,,,,,0.0,1.015228426395939,0.3811944091486658,2.9224904701397714,0.3811944091486658,0.9400215429666084,0.882079851,23.0395936,,772,7.956559709,6.327975632205156,775,1.7766497461928936,-3
2007-12-29,UFC 79: Nemesis,1,4.15,0.412843137254902,0.4,0.4011904761904761,False,,,,,,32.80701754385965,27.4746192893401,17.15374841168996,5.781448538754765,41.04193138500635,24.85175303373017,59.80471511,55.63400859,,339,43.85633531,40.920361788350974,381,51.776649746192895,-42
2008-01-19,UFC 80: Rapid Fire,1,3.611111111111111,0.4740740740740741,0.8888888888888888,0.542063492063492,False,,,,,,32.80701754385965,20.17766497461929,31.38500635324015,49.68233799237611,86.9123252858958,44.1928704299982,42.30573995,42.93214572,,344,43.4267234,43.42339471688797,345,56.34517766497462,-1
2008-01-23,UFC Fight Night: Swick vs Burkman,0,2.5555555555555554,0.497089947089947,0.7777777777777778,0.4555555555555555,False,,,,,,0.0,11.16751269035533,40.9148665819568,39.26302414231258,60.736975857687426,30.416475854462426,1.69452182,11.85184754,,731,17.10952426,18.857533502503017,715,9.390862944162437,16
2008-02-02,UFC 81: Breaking Point,1,4.0,0.38114478114478106,0.5555555555555556,0.36419753086419754,False,,,,,,32.80701754385965,24.936548223350254,11.81702668360864,15.628970775095299,27.318932655654383,22.501699176313647,48.04248883,41.44959228,,471,35.24874789,33.37671051700475,500,36.6751269035533,-29
2008-03-01,UFC 82: Pride of a Champion,1,5.55,0.5997863247863247,1.4,0.4628571428571428,False,,,,,,32.80701754385965,52.79187817258884,77.2554002541296,85.38754764930114,64.04066073697587,62.45650087137102,54.53562995,44.18294839,,210,54.66812604,56.053419595145186,203,74.36548223350253,7
2008-04-02,UFC Fight Night: Florian vs Lauzon,0,3.4166666666666665,0.6163194444444445,1.1666666666666667,0.6555555555555554,False,,,,,,0.0,17.385786802030456,81.57560355781447,73.69758576874206,98.6022871664549,54.252252659008384,16.72140461,37.09921053,,410,39.03869258,40.88507950438206,382,51.649746192893396,28
2008-04-19,UFC 83: Serra vs St-Pierre 2,1,4.181818181818182,0.5242424242424243,0.8181818181818182,0.6161616161616161,False,,,,,,32.80701754385965,27.79187817258883,51.08005082592122,43.58322744599746,96.82337992376112,50.41711078242565,53.00257552,40.81686139,,295,48.09165742,48.70238564457311,282,64.34010152284264,13
2008-05-24,UFC 84: Ill Will,1,3.772727272727273,0.41372163190345007,1.0454545454545454,0.445483682983683,False,,,,,,32.80701754385965,21.19289340101523,17.53494282083863,64.99364675984752,57.941550190597205,38.89401014323165,61.68694782,48.37293668,,296,47.94207226,46.78268806209617,307,61.16751269035533,-11
2008-06-07,UFC 85: Bedlam,0,4.863636363636363,0.6655122655122656,1.4090909090909092,0.7093073593073593,False,,,,,,0.0,39.78426395939086,92.75730622617534,85.64167725540025,99.49174078780177,63.53499764575365,47.52052643,56.53640691,,183,57.14394288,57.90958250205187,185,76.6497461928934,-2
2008-06-21,The Ultimate Fighter: Team Rampage vs Team Forrest Finale,0,4.1,0.40830447330447334,0.35,0.4107936507936508,False,,,,,,0.0,26.45939086294416,15.88310038119441,3.748411689961881,44.218551461245234,18.061890879069136,28.85843518,17.61754631,,694,20.81712756,20.592428591302006,698,11.548223350253807,-4
2008-07-05,UFC 86: Jackson vs Griffin,1,4.777777777777778,0.6350529100529101,1.0555555555555556,0.6189814814814815,False,,,,,,32.80701754385965,37.81725888324873,86.02287166454892,66.2007623888183,97.33163913595934,64.03590992328698,42.56558094,34.9894463,,277,49.20366005,51.68736061945779,252,68.1472081218274,25
2008-07-19,UFC: Silva vs Irvin,0,1.8181818181818181,0.32386363636363635,0.5,0.328030303030303,False,,,,,,0.0,6.027918781725888,6.226175349428209,11.753494282083862,18.04320203303685,8.410158089254962,26.20243442,56.61326266,,593,28.42981857,24.5423623096192,648,17.893401015228427,-55
2008-08-09,UFC 87: Seek And Destroy,1,3.4,0.5093434343434342,1.45,0.39666666666666667,False,,,,,,32.80701754385965,17.195431472081218,44.47268106734435,87.4841168996188,39.135959339263025,44.21904126443341,36.4844665,54.58497626,,319,45.60260667,44.86226265426596,330,58.24873096446701,-11
2008-09-06,UFC 88: Breakthrough,0,5.111111111111111,0.6591554644186224,0.6111111111111112,0.6358024691358024,False,,,,,,0.0,43.84517766497462,91.4866581956798,19.82210927573062,97.96696315120712,50.62418165751843,73.11519139,60.71160876,,162,59.73351963,58.58779955050942,179,77.41116751269035,-17
2008-09-17,UFC Fight Night: Diaz vs Neer,0,3.25,0.4139285714285714,0.5,0.5833333333333333,False,,,,,,0.0,15.736040609137056,17.662007623888183,11.753494282083862,93.26556543837357,27.683421590696536,12.35014289,19.99112151,,687,21.27105007,22.05494677746712,675,14.467005076142131,12
2008-10-18,UFC 89: Bisping vs Leben,0,3.5,0.4412288469106651,0.5,0.5053030303030304,False,,,,,,0.0,18.274111675126903,23.63405336721728,11.753494282083862,78.90724269377382,26.513780403640375,19.23892728,30.82462127,,631,26.09087947,25.78924407408286,629,20.304568527918782,2
2008-10-25,UFC 90: Silva vs Cote,1,5.7,0.6379527417027416,1.95,0.6381944444444445,False,,,,,,32.80701754385965,55.901015228426395,86.9123252858958,97.58576874205845,98.09402795425667,74.26003095089939,63.2530182,57.95322977,,100,66.21604041,67.5833208786819,91,88.57868020304569,9
2008-11-15,UFC 91: Couture vs Lesnar,1,4.611111111111111,0.48908341114223464,0.9444444444444444,0.43101851851851847,False,,,,,,32.80701754385965,35.46954314720812,37.10292249047014,54.76493011435832,52.35069885641678,42.4990224304626,74.59026338,44.41849213,,249,51.60409617,50.81275170023644,260,67.13197969543148,-11
2008-12-10,UFC Fight Night - Fight for the Troops,0,2.9,0.50125,0.7,0.4896825396825397,False,,,,,,0.0,13.134517766497462,41.93138500635324,30.1143583227446,73.95171537484117,31.826395294087295,1.848569258,17.58638363,,709,19.58858881,21.017590522933506,691,12.436548223350254,18
2008-12-13,The Ultimate Fighter: Team Nogueira vs. Team Mir Finale,0,1.05,0.1419642857142857,0.2,0.2,False,,,,,,0.0,1.5228426395939088,0.7623888182973316,1.207115628970775,2.6683608640406606,1.2321415901805353,1.973073352,0.0,,787,1.033749158,1.1120680765811624,787,0.25380710659898476,0
2008-12-27,UFC 92: The Ultimate 2008,2,3.9,0.565793650793651,1.05,0.5075793650793651,False,,,,,,81.40350877192982,23.223350253807105,67.09021601016518,65.6289707750953,79.66963151207116,63.40313546461371,40.22781894,42.63733054,,260,50.85618384,52.661972443691454,242,69.41624365482234,18
2009-01-17,UFC 93: Franklin vs Henderson,0,4.3,0.3348088023088023,0.35,0.43702380952380954,False,,,,,,0.0,30.01269035532995,6.98856416772554,3.748411689961881,54.891994917407885,19.128332226085053,51.17787814,40.26505501,,495,34.29434894,32.129420129999026,525,33.50253807106599,-30
2009-01-31,UFC 94: St-Pierre vs Penn 2,1,5.0,0.6509325396825396,1.45,0.5017171717171717,False,,,,,,32.80701754385965,41.878172588832484,89.1994917407878,87.4841168996188,78.27191867852605,65.92814349032496,62.04996567,69.89262087,,99,66.2828034,65.94923893816609,106,86.6751269035533,-7
2009-02-07,UFC Fight Night: Lauzon vs Stephens,0,3.35,0.5111111111111111,0.7,0.4591666666666666,False,,,,,,0.0,16.624365482233504,45.870393900889454,30.1143583227446,62.642947903430745,31.05041312185966,8.891461371,13.94376753,,705,19.92269526,21.45215599363938,685,13.19796954314721,20
2009-02-21,UFC 95: Sanchez vs Stevenson,0,3.35,0.5284615384615384,0.8,0.4445833333333333,False,,,,,,0.0,16.624365482233504,51.96950444726811,41.550190597204576,57.560355781448536,33.540883261630945,28.23589494,29.50819285,,541,30.96738841,31.25833957127804,541,31.472081218274113,0
2009-03-07,UFC 96: Jackson vs Jardine,0,3.8,0.6111309523809524,1.0,0.5466666666666666,False,,,,,,0.0,21.82741116751269,79.92376111817026,60.419313850063524,88.31003811944092,50.09610485103748,32.53067288,31.55786157,,403,39.73482766,41.27076201164138,379,52.03045685279187,24
2009-04-01,UFC Fight Night: Condit vs Kampmann,0,2.6363636363636362,0.4364718614718615,0.4090909090909091,0.4242424242424242,False,,,,,,0.0,11.548223350253807,22.36340533672173,6.416772554002541,49.80940279542567,18.02756080728075,3.072869563,2.386012207,,770,9.222229411,10.548479956387938,762,3.4263959390862944,8
2009-04-18,UFC 97: Redemption,1,4.5,0.5291005291005291,1.0833333333333333,0.579861111111111,False,,,,,,32.80701754385965,32.99492385786802,52.09656925031766,68.55146124523507,92.75730622617534,55.84145562469115,69.28338601,66.01404542,,135,62.66621551,61.613893891064365,147,81.47208121827411,-12
2009-05-23,UFC 98: Evans vs Machida,1,4.090909090909091,0.4376152157252635,0.8636363636363636,0.34469696969696967,False,,,,,,32.80701754385965,26.078680203045685,22.744599745870396,47.39517153748412,21.98221092757306,30.20153599156658,60.8822233,47.1692917,,342,43.66192333,41.848933173467366,373,52.79187817258884,-31
2009-06-13,UFC 99: The Comeback,0,4.25,0.5487179487179488,1.0833333333333333,0.594593253968254,False,,,,,,0.0,28.680203045685282,60.482846251588306,68.55146124523507,95.04447268106735,50.5517966447152,40.27485594,33.10916115,,362,42.37995855,43.77590024040999,339,57.10659898477157,23
2009-06-20,The Ultimate Fighter: United States vs. United Kingdom Finale,0,3.6,0.3786471861471861,0.65,0.40361111111111114,False,,,,,,0.0,20.050761421319795,11.30876747141042,25.222363405336722,41.80432020330368,19.677242500274122,38.09856266,38.20974208,,555,30.45272011,28.71039843658455,589,25.380710659898476,-34
2009-07-11,UFC 100,2,5.454545454545454,0.715123260577806,1.5,0.5213564213564215,False,,,,,,81.40350877192982,50.95177664974619,97.33163913595934,89.83481575603558,82.46505717916138,80.39735949856646,60.38473217,26.88749519,73.63636364,158,60.07559606,63.546311752540575,128,83.88324873096447,30
2009-08-08,UFC 101: Declaration,1,4.954545454545454,0.6415482245027699,1.5,0.46266233766233766,False,,,,,,32.80701754385965,41.11675126903553,87.54764930114358,89.83481575603558,63.9135959339263,63.04396596080013,76.5779465,63.54212835,,94,66.81455751,66.47404534329785,100,87.43654822335026,-6
2009-08-29,UFC 102: Couture vs Nogueira,0,4.818181818181818,0.5717171717171716,0.7272727272727273,0.6093073593073594,False,,,,,,0.0,38.642131979695435,69.37738246505718,32.78271918678526,96.44218551461246,47.44888382923007,70.1363443,44.75932933,,237,52.56553363,52.33726084449537,247,68.78172588832487,-10
2009-09-16,UFC Fight Night: Diaz vs Guillard,0,3.4,0.3895833333333333,0.7,0.43166666666666664,False,,,,,,0.0,17.195431472081218,13.214739517153747,30.1143583227446,52.731893265565446,22.651284515509,24.3880392,22.2406059,,669,23.04933353,22.97543644348238,665,15.736040609137056,4
2009-09-19,UFC 103: Franklin vs Belfort,0,4.230769230769231,0.5054029304029304,0.7307692307692307,0.4516899766899766,False,,,,,,0.0,28.426395939086298,42.94790343074968,33.92630241423126,59.593392630241425,32.97879888286173,53.18326741,44.58385268,,367,42.05887931,40.75445989546267,384,51.39593908629442,-17
2009-10-24,UFC 104: Machida vs Shogun,1,4.909090909090909,0.5469221435130526,1.4090909090909092,0.5728896103896104,False,,,,,,32.80701754385965,40.48223350253807,59.339263024142305,85.64167725540025,91.99491740787802,62.053021746763655,28.03225693,34.39581093,,330,44.44668928,46.97618325856809,303,61.6751269035533,27
2009-11-14,UFC 105: Couture vs Vera,0,4.454545454545454,0.6473950026581605,1.3636363636363635,0.4853896103896103,False,,,,,,0.0,31.66243654822335,88.56416772554002,84.30749682337992,71.53748411689962,55.21431704280858,54.12196522,52.17395834,,223,54.05759409,54.20409891432438,227,71.31979695431471,-4
2009-11-21,UFC 106: Ortiz vs Griffin 2,0,5.7,0.49286853497379807,0.6,0.6053621378621379,False,,,,,,0.0,55.901015228426395,39.00889453621347,19.186785260482846,95.93392630241424,42.00612426550739,69.06495108,58.86790069,,213,54.51822328,52.742271723925995,240,69.67005076142132,-27
2009-12-05,The Ultimate Fighter: Heavyweights Finale,0,1.8,0.3166666666666667,0.65,0.25166666666666665,False,,,,,,0.0,5.583756345177665,5.5908513341804325,25.222363405336722,5.717916137229987,8.42297744438496,4.917950328,0.0,,780,4.837537529,5.507242996196757,778,1.3959390862944163,2
2009-12-12,UFC 107: Penn vs Sanchez,1,5.909090909090909,0.5744031221303948,0.5909090909090909,0.5524170274170274,False,,,,,,32.80701754385965,59.517766497461935,70.52096569250318,18.487928843710293,89.1994917407878,54.10663406366457,75.04779857,65.38496121,,125,63.26461656,61.982509800984104,143,81.97969543147208,-18
2010-01-02,UFC 108: Evans vs Silva,0,3.65,0.5082539682539682,0.85,0.48583333333333334,False,,,,,,0.0,20.431472081218274,43.710292249047015,46.50571791613723,71.66454891994918,36.46240623327034,35.88804316,33.8812268,,460,35.61922419,35.691051398338175,461,41.62436548223351,-1
2010-01-11,UFC Fight Night: Maynard vs Diaz,0,2.909090909090909,0.5501581751581752,1.1363636363636365,0.42424242424242425,False,,,,,,0.0,13.388324873096447,61.11817026683609,72.23634053367218,49.93646759847522,39.33586065441598,17.81499837,42.01802624,,486,34.64464361,34.73084590581261,475,39.847715736040605,11
2010-02-06,UFC 109: Relentless,0,5.409090909090909,0.41939853076216715,0.45454545454545453,0.4801906426906427,False,,,,,,0.0,49.93654822335025,18.80559085133418,9.148665819567979,70.13977128335452,29.606115235521383,70.01949223,54.74088855,,291,48.25161024,45.628996422155375,317,59.89847715736041,-26
2010-02-20,UFC 110: Nogueira vs Velasquez,0,5.5,0.5656917156917157,1.1111111111111112,0.6134259259259259,False,,,,,,0.0,51.649746192893396,66.96315120711563,70.33036848792884,96.569250317662,57.10250324111997,59.9280838,36.14071062,,255,51.21408594,52.6692069592391,241,69.54314720812182,14
2010-03-21,UFC Live: Vera vs Jones,0,4.681818181818182,0.5158959727141544,0.6363636363636364,0.474025974025974,False,,,,,,0.0,36.16751269035533,47.26810673443456,23.44345616264295,68.10673443456162,34.997162004398895,26.22815576,9.103662581,,652,24.58395686,26.524105063381658,622,21.19289340101523,30
2010-03-27,UFC 111: St-Pierre vs Hardy,2,5.6,0.6166666666666667,1.85,0.5368473193473193,False,,,,,,81.40350877192982,53.93401015228426,81.70266836086404,95.87039390088945,85.7687420584498,79.73586464888348,56.73932227,61.79489424,,83,68.13444907,69.72891707854045,79,90.1015228426396,4
2010-03-31,UFC Fight Night: Florian vs Gomi,0,4.136363636363637,0.4943084693084693,0.8636363636363636,0.39588744588744584,False,,,,,,0.0,27.157360406091367,39.7712833545108,47.39517153748412,38.75476493011436,30.615716045640127,29.61227898,19.87123752,,619,27.04160632,27.744003345549398,606,23.223350253807105,13
2010-04-10,UFC 112: Invincible,2,5.3,0.6880952380952381,1.7,0.5221212121212122,False,,,,,,81.40350877192982,47.96954314720812,95.55273189326556,94.66327827191868,82.59212198221093,80.43623681330662,87.64249895,75.46286785,,8,80.82273607,80.98205514457894,8,99.11167512690355,0
2010-05-08,UFC 113: Machida vs Shogun 2,1,5.409090909090909,0.6083333333333333,1.0,0.6420454545454546,False,,,,,,32.80701754385965,49.93654822335025,78.90724269377382,60.419313850063524,98.34815756035579,64.0836559742806,45.97013874,38.39665612,,254,51.2190449,53.37686290818787,233,70.55837563451777,21
2010-05-29,UFC 114: Rampage vs Evans,0,4.454545454545454,0.578628946810765,0.6363636363636364,0.41489898989898993,False,,,,,,0.0,31.66243654822335,72.1728081321474,23.44345616264295,46.12452350698856,34.68064487000046,50.92677675,56.85925323,,314,46.09047286,44.073359150889125,335,57.61421319796954,-21
2010-06-12,UFC 115: Liddell vs Franklin,0,4.818181818181818,0.468488455988456,0.6363636363636364,0.5421487603305785,False,,,,,,0.0,38.642131979695435,29.733163913595934,23.44345616264295,87.03939008894537,35.77162842897594,67.08394807,56.942119,,261,50.81981527,48.60075981414326,283,64.21319796954315,-22
2010-06-19,The Ultimate Fighter: Team Liddell vs Team Ortiz Finale,0,3.0,0.25436507936507935,0.4,0.25029761904761905,False,,,,,,0.0,13.895939086294415,3.176620076238882,5.781448538754765,5.5908513341804325,5.688971807093699,18.21660698,24.26629975,,740,14.87420807,13.292407235403447,747,5.32994923857868,-7
2010-07-03,UFC 116: Lesnar vs Carwin,1,4.681818181818182,0.5439295552931916,1.2727272727272727,0.49155844155844153,False,,,,,,32.80701754385965,36.16751269035533,58.06861499364676,80.30495552731894,74.7141041931385,56.412440989663835,38.42726584,37.32040246,51.32231405,311,46.42269543,47.746441286245364,290,63.3248730964467,21
2010-08-01,UFC Live: Jones vs Matyushenko,0,4.1,0.536547619047619,0.9,0.43261904761904757,False,,,,,,0.0,26.45939086294416,55.27318932655655,50.06353240152478,53.1130876747141,36.98184005314792,20.72822177,19.62234426,,609,27.30642429,28.765301056720048,588,25.50761421319797,21
2010-08-07,UFC 117: Silva vs Sonnen,1,6.136363636363637,0.641751430387794,1.9545454545454546,0.5197027089072545,False,,,,,,32.80701754385965,64.21319796954315,87.67471410419314,97.712833545108,82.33799237611181,72.94915110776316,83.12763293,69.530941,,34,74.60730378,74.60166197130118,39,95.17766497461929,-5
2010-08-28,UFC 118: Edgar vs Penn 2,1,6.5,0.5685737179487178,1.15,0.5262265512265513,False,,,,,,32.80701754385965,69.41624365482234,68.10673443456162,72.68106734434562,83.2274459974587,65.24770179500959,91.02463154,61.77279148,,55,70.97536556,70.69930654456046,72,90.98984771573603,-17
2010-09-15,UFC Fight Night: Marquardt vs Palhares,0,4.0,0.5403643578643579,0.95,0.41851190476190475,False,,,,,,0.0,24.936548223350254,56.670902160101654,55.08259212198221,47.903430749682336,36.91869465102329,14.88792464,24.05411567,,612,27.17422731,28.38872045296746,594,24.746192893401016,18
2010-09-25,UFC 119: Mir vs Cro Cop,0,5.590909090909091,0.5074440080121898,1.2272727272727273,0.4459563164108619,False,,,,,,0.0,53.74365482233503,43.4561626429479,78.58958068614994,58.32274459974587,46.82242855023575,57.47109679,27.5488985,73.63636364,305,47.186734,47.60635246090845,294,62.817258883248726,11
2010-10-16,UFC 120: Bisping vs Akiyama,0,3.3,0.5082692307692308,0.65,0.4770833333333333,False,,,,,,0.0,16.243654822335024,43.83735705209657,25.222363405336722,69.25031766200762,30.910738588355187,13.53230719,13.38303519,,692,20.90918697,22.37812786027043,669,15.228426395939088,23
2010-10-23,UFC 121: Lesnar vs Velasquez,1,5.954545454545454,0.5826413485504395,1.1818181818181819,0.45571095571095577,False,,,,,,32.80701754385965,60.40609137055838,73.5705209656925,74.90470139771284,60.864040660736975,60.51047438771206,80.21088988,47.47150891,73.63636364,129,63.05039149,63.28858231614755,132,83.3756345177665,-3
2010-11-13,UFC 122: Marquardt vs Okami,0,3.95,0.3724368686868687,0.3,0.40555555555555556,False,,,,,,0.0,24.1751269035533,10.800508259212197,2.4777636594663277,42.18551461245235,15.927782686936835,21.1512201,32.62533377,,672,22.66996641,21.286246541545495,687,12.944162436548224,-15
2010-11-20,UFC 123: Rampage vs Machida,0,6.318181818181818,0.5910082490296394,0.9545454545454546,0.4981373127763501,False,,,,,,0.0,67.00507614213198,75.34942820838629,55.717916137229984,76.87420584498093,54.98932526654583,87.20570713,45.56827487,,155,60.52944398,60.5615174029012,155,80.45685279187818,0
2010-12-04,The Ultimate Fighter: Team GSP vs Team Koscheck Finale,0,2.3181818181818183,0.2673094582185491,0.6818181818181818,0.24783549783549785,False,,,,,,0.0,8.883248730964468,3.8119440914866582,27.890724269377383,5.209656925031767,9.159114803372054,9.775134958,0.0,,776,6.40585627,7.070802778123494,773,2.030456852791878,3
2010-12-11,UFC 124: St-Pierre vs Koscheck 2,1,6.318181818181818,0.534044795074207,1.0454545454545454,0.5134879009879009,False,,,,,,32.80701754385965,67.00507614213198,53.87547649301143,64.99364675984752,80.55908513341804,59.84806041445373,60.27518221,74.51228286,,110,64.75380342,63.53705567338746,129,83.75634517766497,-19
2011-01-01,UFC 125: Resolution,1,6.0,0.5194305063623245,1.3636363636363635,0.38139839958021776,False,,,,,,32.80701754385965,61.29441624365482,48.41168996188056,84.30749682337992,32.90978398983482,51.94608091252196,51.31391956,49.35206428,,257,51.05165295,51.157459627289,258,67.38578680203045,-1
2011-01-22,UFC Fight Night: Fight for the Troops 2,0,3.590909090909091,0.4575757575757576,0.6818181818181818,0.39962121212121215,False,,,,,,0.0,19.860406091370557,27.064803049555273,27.890724269377383,40.40660736975858,23.04450815601236,12.25132342,23.065238,,701,20.31563796,20.411241404628537,699,11.421319796954315,2
2011-02-05,UFC 126: Silva vs Belfort,1,4.2727272727272725,0.45730027548209357,1.4090909090909092,0.3647727272727273,False,,,,,,32.80701754385965,29.314720812182742,26.937738246505717,85.64167725540025,27.82719186785261,40.5056691451602,75.27742893,82.6443264,,127,63.06560727,59.30599331041521,169,78.68020304568529,-42
2011-02-26,UFC 127: Penn vs Fitch,0,5.208333333333333,0.4372370684870685,1.2916666666666667,0.35238731176231175,False,,,,,,0.0,46.00253807106599,22.61753494282084,81.2579415501906,23.63405336721728,34.70241358625894,58.86888248,70.64976492,,239,52.50986835,49.39690297519901,273,65.48223350253807,-34
2011-03-03,UFC Live: Sanchez vs Kampmann,0,4.5,0.34339334907516733,0.5,0.3767217630853994,False,,,,,,0.0,32.99492385786802,7.369758576874205,11.753494282083862,31.512071156289707,16.726049574623158,36.7879998,36.38929703,,598,28.27942664,26.436653452140725,623,21.065989847715734,-25
2011-03-19,UFC 128: Shogun vs Jones,1,4.5,0.46179318366818367,0.875,0.41289682539682543,False,,,,,,32.80701754385965,32.99492385786802,28.335451080050827,48.60228716645489,45.10800508259212,37.5695369461651,29.39479408,32.01154478,,502,33.76066933,34.21264616048438,486,38.45177664974619,16
2011-03-26,UFC Fight Night: Nogueira vs Davis,0,3.0833333333333335,0.5177083333333333,0.7916666666666666,0.34027777777777773,False,,,,,,0.0,14.340101522842641,47.64930114358323,40.47013977128336,20.71156289707751,24.63422106695735,5.13745931,21.72151404,,719,18.68650106,19.156350919778202,712,9.771573604060913,7
2011-04-30,UFC 129: St-Pierre vs Shields,2,5.041666666666667,0.6132463023088023,1.2083333333333333,0.43124999999999997,False,,,,,,81.40350877192982,42.4492385786802,80.81321473951716,77.2554002541296,52.477763659466326,66.87982520074462,78.31403478,65.80657152,,73,69.63367194,69.41250330926947,80,89.9746192893401,-7
2011-05-28,UFC 130: Rampage vs Hamill,0,5.75,0.6617343440872853,1.1,0.4450992063492064,False,,,,,,0.0,56.598984771573605,91.86785260482846,69.8856416772554,57.814485387547656,55.23339288824103,54.70427984,52.90930432,,215,54.43041422,54.53594360421208,222,71.95431472081218,-7
2011-06-04,The Ultimate Fighter: Team Lesnar vs Team dos Santos Finale,0,2.1818181818181817,0.1979674366038002,0.36363636363636365,0.19886363636363635,False,,,,,,0.0,7.868020304568528,1.6518424396442184,4.320203303684879,2.5412960609911055,3.276272421777746,11.75011154,20.33345975,,763,10.9183127,9.517189997575294,766,2.918781725888325,-3
2011-06-11,UFC 131: Dos Santos vs Carwin,0,3.7083333333333335,0.5096500721500722,0.7916666666666666,0.3682855339105339,False,,,,,,0.0,20.812182741116754,44.5997458703939,40.47013977128336,28.970775095298603,26.970568695618525,39.22838641,35.80147446,32.72727273,516,33.03795003,32.185758264384525,523,33.756345177664976,-7
2011-06-26,UFC Live: Kongo vs Barry,0,5.136363636363637,0.5147186147186147,0.8181818181818182,0.46715367965367965,False,,,,,,0.0,44.60659898477157,46.8869123252859,43.58322744599746,65.94663278271918,40.20467430775482,32.09048906,10.26635349,,587,28.67562694,30.902950602852464,548,30.583756345177665,39
2011-07-02,UFC 132: Cruz vs Faber,1,5.863636363636363,0.6224898986931072,1.0909090909090908,0.4478597160415342,False,,,,,,32.80701754385965,58.37563451776649,83.48157560355781,69.50444726810674,58.83100381194409,60.59993574904696,73.26834504,1.52529308,,322,45.20000001,49.25618981217956,275,65.22842639593908,47
2011-08-06,UFC 133: Evans vs Ortiz 2,0,5.363636363636363,0.5692739079102715,0.9090909090909091,0.40945165945165946,False,,,,,,0.0,49.111675126903556,68.48792884371029,50.76238881829733,43.58322744599746,42.38904404698173,67.96012799,68.94271822,,178,57.60677182,55.13065158645733,216,72.71573604060913,-38
2011-08-14,UFC Live: Hardy vs Lytle,0,4.208333333333333,0.5061653828197946,0.9583333333333334,0.32905092592592594,False,,,,,,0.0,28.17258883248731,43.07496823379924,56.5438373570521,18.297331639135958,29.217745212494922,21.86158477,26.96135499,,623,26.65196499,26.868010605497403,618,21.700507614213198,5
2011-08-27,UFC 134: Silva vs Okami,1,5.0,0.4259361009361009,1.125,0.3410434472934473,False,,,,,,32.80701754385965,41.878172588832484,20.076238881829735,71.6010165184244,21.092757306226176,37.49104056783449,79.25225864,86.32836909,,120,63.98779435,59.637351957559844,164,79.31472081218274,-44
2011-09-17,UFC Fight Night: Shields vs Ellenberger,0,2.5416666666666665,0.4298881673881674,0.5833333333333334,0.3044642857142857,False,,,,,,0.0,10.97715736040609,20.71156289707751,17.598475222363405,11.81702668360864,12.220844432691129,8.882952442,13.07451526,,758,11.65211837,11.613590370531023,757,4.060913705583756,1
2011-09-24,UFC 135: Jones vs Rampage,1,5.45,0.5948090858416946,0.75,0.6169562055591468,False,,,,,,32.80701754385965,50.63451776649747,76.62007623888184,36.0864040660737,96.95044472681067,58.61969206842466,77.37187487,56.99184955,,128,63.05630584,62.80564191541704,138,82.61421319796955,-10
2011-10-01,UFC Live: Cruz vs Johnson,1,4.35,0.4705681818181818,0.45,0.4013095238095238,False,,,,,,32.80701754385965,30.710659898477154,30.368487928843713,8.57687420584498,41.16899618805591,28.72640715301628,24.38194965,24.58148453,,626,26.37893488,26.651225344430543,621,21.31979695431472,5
2011-10-08,UFC 136: Edgar vs Maynard 3,2,6.454545454545454,0.551708644890463,0.8181818181818182,0.535064935064935,False,,,,,,81.40350877192982,68.65482233502537,61.753494282083864,43.58322744599746,85.13341804320204,68.10569417564771,74.1461367,46.39362778,,131,62.87222639,64.2748527848866,124,84.39086294416244,7
2011-10-29,UFC 137: Penn vs Diaz,0,5.363636363636363,0.4300213675213675,0.8181818181818182,0.435624098124098,False,,,,,,0.0,49.111675126903556,21.092757306226176,43.58322744599746,54.38373570520966,33.63427911686737,61.72071959,53.81702633,,302,47.4716315,45.4334138846211,319,59.64467005076142,-17
2011-11-05,UFC 138: Leben vs Munoz,0,3.5,0.35625,0.45,0.2625,False,,,,,,0.0,18.274111675126903,8.767471410419315,8.57687420584498,6.607369758576874,8.445165409993614,12.56666188,35.10783457,,724,18.02732125,15.970183675107847,733,7.1065989847715745,-9
2011-11-12,UFC on FOX: Velasquez vs Dos Santos,1,2.9,0.5154761904761904,1.35,0.3313492063492064,False,,,,,,32.80701754385965,13.134517766497462,47.01397712833545,83.73570520965693,18.932655654383733,39.12477466054664,22.43817848,48.46683779,,433,37.8107748,37.329444359168285,438,44.54314720812182,-5
2011-11-19,UFC 139: Shogun vs Henderson,0,5.291666666666667,0.5815959503459504,0.9166666666666666,0.3940641534391534,False,,,,,,0.0,47.71573604060914,73.06226175349428,51.96950444726811,37.86531130876747,42.1225627100278,47.02442874,38.9269371,,360,42.48310723,42.539643701569766,362,54.18781725888325,-2
2011-12-03,The Ultimate Fighter: Team Bisping vs Team Miller Finale,0,1.5,0.12005494505494504,0.3,0.11306818181818182,False,,,,,,0.0,3.616751269035533,0.5082592121982211,2.4777636594663277,0.6353240152477764,1.4476196311895715,5.373874037,16.74701649,,773,7.341789669,6.147223273652448,776,1.6497461928934012,-3
2011-12-10,UFC 140: Jones vs Machida,1,5.583333333333333,0.6368837834870443,1.0416666666666667,0.4935261497761498,False,,,,,,32.80701754385965,53.236040609137056,86.6581956797967,64.16772554002542,74.96823379923761,62.36744263441128,77.12807435,60.55742867,,103,65.73490144,65.53314919581021,110,86.16751269035532,-7
2011-12-30,UFC 141: Lesnar vs Overeem,0,5.4,0.6347619047619049,1.05,0.4204242979242979,False,,,,,,0.0,49.68274111675127,85.89580686149937,65.6289707750953,48.792884371029224,50.00008062487503,48.57567032,16.71619894,73.63636364,346,43.25515291,44.72788468864252,331,58.121827411167516,15
2012-01-14,UFC 142: Aldo vs Mendes,1,5.15,0.5354595404595405,1.0,0.3678571428571428,False,,,,,,32.80701754385965,44.923857868020306,54.637865311308765,60.419313850063524,28.843710292249046,44.326352973100256,51.2347348,28.78824817,,377,41.27349029,42.216865134473466,367,53.55329949238579,10
2012-01-20,UFC on FX: Guillard vs Miller,0,4.5,0.3190713453213453,0.2,0.35051587301587295,False,,,,,,0.0,32.99492385786802,5.844980940279543,1.207115628970775,22.87166454891995,12.583736995207657,11.67842371,30.07098353,,725,17.9539849,16.637098456217245,727,7.868020304568528,-2
2012-01-28,UFC on FOX: Evans vs Davis,0,5.25,0.5034920634920634,1.05,0.4188383838383839,False,,,,,,0.0,47.01776649746193,42.82083862770013,65.6289707750953,48.284625158831,40.75044021181767,55.40686818,58.78119386,,264,50.43569044,48.74064016248458,281,64.46700507614213,-17
2012-02-04,UFC 143: Diaz vs Condit,1,4.363636363636363,0.5237082893183372,1.0454545454545454,0.39967532467532474,False,,,,,,32.80701754385965,30.83756345177665,50.82592121982211,64.99364675984752,40.53367217280813,43.99956422962281,21.71444449,32.12481565,,490,34.49288016,35.649374196029434,462,41.49746192893401,28
2012-02-15,UFC on FUEL TV: Sanchez vs Ellenberger,0,3.0,0.5648148148148148,1.0555555555555556,0.38240740740740736,False,,,,,,0.0,13.895939086294415,66.7725540025413,66.2007623888183,33.672172808132146,36.10828565715723,26.43883837,51.21995253,,420,38.46409636,37.4386060003248,436,44.79695431472081,-16
2012-02-25,UFC 144: Edgar vs Henderson,1,4.75,0.509130106005106,0.75,0.3650793650793651,False,,,,,,32.80701754385965,37.37309644670051,44.09148665819568,36.0864040660737,27.95425667090216,35.662452277146336,64.21654956,47.58713214,,307,47.01583625,45.55726446831924,318,59.77157360406091,-11
2012-03-02,UFC on FX: Alves vs Kampmann,0,3.272727272727273,0.5634761072261072,0.8181818181818182,0.4457562639380821,False,,,,,,0.0,16.053299492385786,66.32782719186785,43.58322744599746,58.06861499364676,36.80659382477957,15.64214009,30.52526439,,578,29.36185037,30.097624605554003,565,28.426395939086298,13
2012-04-14,UFC on FUEL TV: Gustafsson vs Silva,0,3.2083333333333335,0.3184575840825841,0.375,0.2454861111111111,False,,,,,,0.0,15.418781725888325,5.717916137229987,4.7649301143583225,5.082592121982211,6.19684401989177,3.721556995,19.39926529,,769,9.761349401,8.819032390944681,769,2.5380710659898478,0
2012-04-21,UFC 145: Jones vs Evans,1,4.291666666666667,0.5387351074851074,0.9583333333333334,0.3900462962962963,False,,,,,,32.80701754385965,29.695431472081218,56.16264294790343,56.5438373570521,36.34053367217281,42.30989259861384,48.94842396,76.78025175,,202,55.1089698,52.358732501735965,246,68.90862944162437,-44
2012-05-05,UFC on FOX: Diaz vs Miller,0,5.041666666666667,0.6452546296296297,1.1666666666666667,0.5879464285714285,False,,,,,,0.0,42.4492385786802,88.18297331639135,73.69758576874206,93.90088945362135,59.646137423486984,38.38776982,45.41199301,,273,49.60366719,50.97019004156002,259,67.25888324873097,14
2012-05-15,UFC on FUEL TV: Korean Zombie vs Poirier,0,4.0,0.45818452380952374,0.5416666666666666,0.41894841269841265,False,,,,,,0.0,24.936548223350254,27.318932655654383,14.294790343074967,48.41168996188056,22.992392236792032,12.79769441,30.22846012,,671,22.72641913,22.26917158391593,670,15.101522842639595,1
2012-05-26,UFC 146: Dos Santos vs Mir,1,4.791666666666667,0.6174907755499861,1.4583333333333333,0.5388888888888889,False,,,,,,32.80701754385965,38.00761421319797,81.95679796696315,88.31003811944092,85.89580686149937,65.39545494099221,52.13331318,63.45911322,73.63636364,130,62.89532645,62.875879444856416,136,82.86802030456852,-6
2012-06-01,The Ultimate Fighter: Live Finale,0,1.7,0.16690476190476192,0.5,0.18833333333333332,False,,,,,,0.0,4.441624365482234,1.1435832274459974,11.753494282083862,1.6518424396442184,3.7981088629312625,11.46173233,44.39369842,,718,18.71787985,15.594805379942645,736,6.725888324873096,-18
2012-06-08,UFC on FX: Johnson vs McCall,0,3.0833333333333335,0.40763888888888883,0.375,0.27777777777777773,False,,,,,,0.0,14.340101522842641,15.756035578144854,4.7649301143583225,8.386277001270647,8.649468843323293,5.821659047,4.785329628,,775,6.72362333,7.013659084920794,774,1.903553299492386,1
2012-06-22,UFC on FX: Maynard vs Guida,0,5.291666666666667,0.5402364417989418,0.875,0.3715443121693121,False,,,,,,0.0,47.71573604060914,56.416772554002534,48.60228716645489,29.733163913595934,36.4935919349325,32.00769584,45.68762103,,424,38.33199467,37.644468890521054,432,45.30456852791878,-8
2012-06-23,UFC 147: Silva vs Franklin 2,0,1.8181818181818181,0.1911764705882353,0.4090909090909091,0.1212121212121212,False,,,,,,0.0,6.027918781725888,1.5247776365946633,6.416772554002541,0.8894536213468869,2.971784518733996,35.20459271,48.54848294,,634,25.89794525,21.991886135130706,677,14.213197969543149,-43
2012-07-07,UFC 148: Silva vs Sonnen 2,1,7.409090909090909,0.5538170163170163,1.4545454545454546,0.4497113997113997,False,,,,,,32.80701754385965,80.9010152284264,62.642947903430745,87.86531130876747,59.0851334180432,64.66028508050549,91.36276093,82.02134234,,18,77.24879399,75.43137095159169,35,95.68527918781726,-17
2012-07-11,UFC on FUEL TV: Munoz vs Weidman,0,3.5,0.5156926406926406,1.0909090909090908,0.32597402597402597,False,,,,,,0.0,18.274111675126903,47.14104193138501,69.50444726810674,17.407878017789074,30.465495778481547,3.537122117,32.97202309,,659,24.2890395,24.495711115157235,649,17.766497461928935,10
2012-07-21,UFC 149: Faber vs Barao,1,3.272727272727273,0.5568181818181818,1.0,0.43712121212121213,False,,,,,,32.80701754385965,16.053299492385786,63.53240152477764,60.419313850063524,55.14612452350699,45.59163138691871,6.492688528,24.20221324,,588,28.65234551,30.805587585491786,550,30.329949238578678,38
2012-08-04,UFC on FOX: Shogun vs Vera,0,5.95,0.4199286824286824,0.25,0.4210912698412699,False,,,,,,0.0,60.21573604060914,19.186785260482846,1.8424396442185513,49.174078780177894,26.083807945097686,64.23341408,31.85652188,,430,37.9769803,36.82037507327215,445,43.65482233502538,-15
2012-08-11,UFC 150: Henderson vs Edgar II,1,4.95,0.5605239368474663,0.85,0.35134199134199134,False,,,,,,32.80701754385965,40.9263959390863,64.80304955527319,46.50571791613723,22.998729351969505,41.608182061265175,61.5454934,57.46503128,,245,51.92854134,50.35786575309109,263,66.75126903553299,-18
2012-09-22,UFC 152: Jones vs Belfort,2,5.708333333333333,0.6257031163281164,1.4166666666666667,0.4891203703703703,False,,,,,,81.40350877192982,56.09137055837563,84.3710292249047,86.27700127064803,73.3163913595934,76.2918602370903,58.80643503,69.24720183,,74,69.58717365,70.29561757584615,74,90.73604060913706,0
2012-09-29,UFC on FUEL TV: Struve vs Miocic,0,4.409090909090909,0.5373868555686737,1.0,0.37613636363636355,False,,,,,,0.0,31.091370558375637,55.781448538754766,60.419313850063524,31.38500635324015,35.735427860086816,17.42583616,33.06517907,,561,30.18582174,30.60702240693326,555,29.695431472081218,6
2012-10-05,UFC on FX: Browne vs Bigfoot,0,4.3,0.4918269230769231,0.7,0.2642857142857143,False,,,,,,0.0,30.01269035532995,38.246505717916136,30.1143583227446,6.861499364675986,21.047010752133335,11.67842371,7.57590198,,744,14.37625086,15.463973997534817,737,6.598984771573605,7
2012-10-13,UFC 153: Silva vs Bonnar,0,5.541666666666667,0.578422619047619,1.1666666666666667,0.5462530525030526,False,,,,,,0.0,52.22081218274111,71.79161372299873,73.69758576874206,88.0559085133418,57.15318403756474,72.8436692,84.7655261,,60,70.15738644,67.73831958142198,90,88.70558375634518,-30
2012-11-10,UFC Macao: Franklin vs Le,0,4.555555555555555,0.39243827160493827,0.3333333333333333,0.38660968660968664,False,,,,,,0.0,34.263959390862944,13.97712833545108,2.9224904701397714,35.324015247776366,17.297518688846033,46.8810996,41.12503572,,523,32.67518363,30.353564852521306,560,29.060913705583758,-37
2012-11-17,UFC 154: St-Pierre vs Condit,1,6.833333333333333,0.6224981445569681,1.625,0.5057562229437229,False,,,,,,32.80701754385965,73.54060913705584,83.60864040660736,93.7738246505718,79.03430749682337,72.5528798469836,71.44787193,78.5346537,,35,74.28489758,73.74497818690274,49,93.90862944162437,-14
2012-12-08,UFC on FOX: Henderson vs Diaz,1,7.181818181818182,0.6453338693470273,1.5454545454545454,0.5160681490226945,False,,,,,,32.80701754385965,78.42639593908629,88.31003811944092,91.86785260482846,81.57560355781447,74.59738155300596,84.62608862,62.71545721,,41,73.53407356,74.14437288553638,47,94.16243654822335,-6
2012-12-14,UFC on FX: Sotiropoulos vs Pearson,0,3.2,0.2613888888888889,0.35,0.22785714285714284,False,,,,,,0.0,15.228426395939088,3.303684879288437,3.748411689961881,3.9390088945362134,5.2439063719451235,8.42408208,13.68351263,,771,8.760417922,8.084297519216397,771,2.284263959390863,0
2012-12-15,The Ultimate Fighter: Team Carwin vs. Team Nelson Finale,0,2.909090909090909,0.41284271284271273,0.4090909090909091,0.3962121212121211,False,,,,,,0.0,13.388324873096447,17.026683608640404,6.416772554002541,39.00889453621347,15.168135114390571,11.1111915,15.07303211,,745,14.1523325,14.153190385355181,743,5.83756345177665,2
2012-12-29,UFC 155: Dos Santos vs Velasquez II,1,6.875,0.6501863633442581,1.6666666666666667,0.6525477994227994,False,,,,,,32.80701754385965,74.36548223350253,89.07242693773824,94.40914866581956,98.47522236340534,77.82585954886505,65.63169526,62.43925312,,70,69.76438001,71.08389337341993,62,92.25888324873097,8
2013-01-19,UFC on FX: Belfort vs Bisping,0,4.863636363636363,0.4590812485197511,0.6363636363636364,0.31260406260406265,False,,,,,,0.0,39.78426395939086,27.70012706480305,23.44345616264295,13.214739517153747,20.828517340798122,42.72217964,47.40883147,,475,35.05083719,32.677711578852374,510,35.40609137055837,-35
2013-01-26,UFC on FOX: Johnson vs Dodson,1,5.363636363636363,0.6220308100989919,0.9545454545454546,0.4195526695526695,False,,,,,,32.80701754385965,49.111675126903556,83.35451080050827,55.717916137229984,48.53875476493011,53.90597487468631,64.57094434,34.15836373,,262,50.50624421,51.68577357528412,253,68.02030456852792,9
2013-02-02,UFC 156: Aldo vs Edgar,1,6.2272727272727275,0.5369334097275273,0.6818181818181818,0.3273809523809524,False,,,,,,32.80701754385965,65.98984771573603,55.4002541296061,27.890724269377383,17.852604828462514,39.988089697408334,78.46952076,56.35948404,,201,55.30824145,53.396558129786484,232,70.68527918781726,-31
2013-02-16,UFC on FUEL TV: Barao vs McDonald,1,3.5416666666666665,0.5402777777777777,0.9166666666666666,0.5344246031746032,True,54.0,5.0,2.0,1.0,48.28876363902059,32.80701754385965,18.781725888324875,56.5438373570521,51.96950444726811,85.00635324015248,48.801810478438185,13.43540092,42.98099244,,417,38.66329892,38.73382151031285,413,47.71573604060914,4
2013-02-23,UFC 157: Rousey vs Carmouche,1,4.833333333333333,0.38889652014652015,0.4583333333333333,0.3226190476190476,True,57.0,5.0,2.0,1.0,49.29322792473488,32.80701754385965,39.02284263959391,13.087674714104194,9.593392630241423,16.39135959339263,30.314288574387316,62.4918414,0.0,,592,28.4985905,30.76975316913129,552,30.076142131979694,40
2013-03-02,UFC on FUEL TV: Silva vs. Stann,0,5.318181818181818,0.5574528709555447,1.1363636363636365,0.41053391053391053,True,27.0,3.0,1.0,0.0,17.979441921277186,0.0,48.223350253807105,64.04066073697587,72.23634053367218,43.710292249047015,37.34332270467346,46.98561093,21.2065638,,443,36.92437208,35.75578542749977,460,41.75126903553299,-17
2013-03-16,UFC 158: St-Pierre vs Diaz,1,6.083333333333333,0.5249699374699375,1.4166666666666667,0.4246304077186431,True,68.0,5.0,2.0,1.0,53.11019221044916,32.80701754385965,62.69035532994924,51.207115628970776,86.27700127064803,50.19059720457433,55.577149840055036,68.08819058,76.23562781,,93,66.93781764,63.685254413583685,127,84.01015228426397,-34
2013-04-06,UFC on FUEL TV: Mousasi vs Latifi,0,2.5384615384615383,0.40265567765567767,0.38461538461538464,0.33205128205128204,True,24.0,3.0,1.0,0.0,15.046406206991467,0.0,10.786802030456853,15.120711562897077,5.209656925031767,19.05972045743329,11.538686598712099,6.630129388,0.722311396,,774,6.890989472,7.694814230986184,772,2.1573604060913705,2
2013-04-13,The Ultimate Fighter: Team Jones vs. Team Sonnen Finale,0,2.25,0.21081349206349206,0.16666666666666666,0.3308531746031746,True,50.0,4.0,2.0,0.0,40.07462840627581,0.0,8.312182741116752,1.9059720457433291,0.7623888182973316,18.80559085133418,16.192447345791564,22.31180743,25.40849608,,704,19.969129,19.94110283473791,705,10.65989847715736,-1
2013-04-20,UFC on FOX: Henderson vs Melendez,1,4.333333333333333,0.6186274509803922,1.625,0.352708633958634,True,104.0,8.0,3.0,1.0,74.89943319586067,32.80701754385965,30.520304568527916,82.21092757306226,93.7738246505718,23.761118170266837,59.30007690963859,44.91126395,34.96730647,,300,47.73980479,49.834800967593054,269,65.98984771573603,31
2013-04-27,UFC 159: Jones vs Sonnen,1,5.863636363636363,0.4628435327298963,0.7727272727272727,0.49606201878929146,True,81.0,8.0,2.0,1.0,64.82894221044917,32.80701754385965,58.37563451776649,28.716645489199493,38.564167725540024,76.11181702668361,52.289222185561655,66.53630025,59.16621912,,174,58.33015711,57.45288496306485,187,76.39593908629442,-13
2013-05-18,UFC on FX: Belfort vs. Rockhold,0,4.5,0.40219988344988344,0.6153846153846154,0.2951215451215451,True,65.0,7.0,2.0,0.0,54.57016412056153,0.0,32.99492385786802,14.993646759847524,20.266836086404066,10.927573062261754,27.45666640346185,24.52550584,32.62048044,,614,27.1450067,28.002426141324946,601,23.85786802030457,13
2013-05-25,UFC 160: Velasquez vs Silva 2,1,5.5,0.7218749999999999,1.5833333333333333,0.4835813492063492,True,89.0,8.0,2.0,1.0,67.40037078187773,32.80701754385965,51.649746192893396,98.47522236340534,92.50317662007625,71.0292249047014,68.72512550205437,57.5501758,43.43674627,,166,59.19111291,59.81186731816112,161,79.69543147208121,5
2013-06-08,UFC on FUEL TV: Nogueira vs. Werdum,0,2.3333333333333335,0.35694444444444445,0.5,0.3201388888888889,True,31.0,3.0,1.0,0.0,20.631227635562897,0.0,9.073604060913706,8.89453621346887,11.753494282083862,15.88310038119441,12.574031181941388,16.21412543,29.82373195,,715,19.18692502,17.680425519214484,721,8.629441624365482,-6
2013-06-15,UFC 161: Evans vs Henderson,0,5.136363636363637,0.4939393939393939,0.45454545454545453,0.496590909090909,True,44.0,4.0,1.0,0.0,31.73390620699147,0.0,44.60659898477157,39.51715374841169,9.148665819567979,76.23888182973316,33.25175391564526,62.14854477,53.06241487,,285,48.62864944,45.158019913329795,324,59.01015228426396,-39
2013-07-06,UFC 162: Silva vs Weidman,1,7.2727272727272725,0.5944260285169376,1.5909090909090908,0.45606060606060606,True,79.0,7.0,3.0,1.0,66.97532605300351,32.80701754385965,79.69543147208121,76.49301143583227,92.82083862770013,61.11817026683609,68.10342352438437,90.08237364,89.11915374,,6,81.47403635,78.61323427201869,19,97.71573604060913,-13
2013-07-27,UFC on FOX: Johnson vs Moraga,1,5.166666666666667,0.4805373993696362,0.6666666666666666,0.36604888167388167,True,85.0,8.0,3.0,1.0,71.00211176728924,32.80701754385965,45.36802030456853,34.05336721728081,26.55654383735705,28.208386277001267,44.679700455396194,41.15877026,45.25893794,,357,42.70277867,43.96062001498027,337,57.360406091370564,20
2013-08-03,UFC 163: Aldo vs Jung,1,2.9166666666666665,0.3908730158730158,0.7916666666666666,0.315268759018759,True,88.0,8.0,3.0,1.0,72.20746891014637,32.80701754385965,13.578680203045684,13.595933926302415,40.47013977128336,13.97712833545108,37.682286642235816,41.76338693,53.80060289,,368,42.02939128,42.61992179536498,359,54.568527918781726,9
2013-08-17,UFC Fight Night: Shogun vs Sonnen,0,6.1923076923076925,0.6153311432157585,0.9615384615384616,0.5679487179487179,True,65.0,6.0,2.0,0.0,52.13712840627581,0.0,65.29187817258884,81.19440914866583,57.30622617534943,91.35959339263025,56.96243348637555,64.65295597,36.42514127,,225,54.03106205,53.822111996147505,230,70.93908629441624,-5
2013-08-28,UFC Fight Night: Condit vs Kampmann 2,0,4.25,0.6044560185185185,0.9166666666666666,0.45692189754689755,True,40.0,4.0,2.0,0.0,34.44962840627581,0.0,28.680203045685282,78.3989834815756,51.96950444726811,61.3722998729352,41.193827240527725,25.34494818,43.70681471,,408,39.12933813,37.933942629380844,427,45.93908629441624,-19
2013-08-31,UFC 164: Henderson vs Pettis 2,1,5.625,0.4884247997444591,0.9583333333333334,0.3900297619047619,True,98.0,10.0,5.0,1.0,83.13229859635612,32.80701754385965,54.441624365482234,36.72172808132147,56.5438373570521,36.213468869123254,55.28156424926426,60.86298168,56.73913005,,200,55.45009422,57.00220459473507,192,75.76142131979695,8
2013-09-04,UFC Fight Night: Teixeira vs Bader,0,3.0454545454545454,0.40493842164965166,0.8636363636363636,0.35384615384615387,True,53.0,4.0,1.0,0.0,35.751763349848616,0.0,14.086294416243655,15.501905972045742,47.39517153748412,24.1423125794155,24.88312483568105,11.96351138,26.9274092,,670,22.96759643,22.224711057792536,671,14.974619289340103,-1
2013-09-21,UFC 165: Jones vs Gustafsson,2,3.9615384615384617,0.5927373908143139,1.8846153846153846,0.39478021978021977,True,70.0,6.0,2.0,2.0,61.926955854108876,81.40350877192982,24.492385786802032,76.11181702668361,96.50571791613723,38.37357052096569,62.94226675938524,38.28217251,73.17230122,,153,60.66690366,59.41491881101912,168,78.80710659898476,-15
2013-10-09,UFC Fight Night: Maia vs Shields,0,6.25,0.4856872294372295,1.2,0.364186507936508,True,38.0,4.0,1.0,0.0,27.635691921277182,0.0,66.37055837563452,35.83227445997459,76.55654383735705,27.19186785260483,37.123881809963095,32.25167953,30.73843892,,461,35.59136288,34.372012990647804,482,38.95939086294416,-21
2013-10-19,UFC 166: Velasquez vs Dos Santos 3,1,5.6923076923076925,0.47314491064491065,0.5,0.470745280360665,True,86.0,7.0,1.0,1.0,58.64893429687911,32.80701754385965,55.647208121827404,31.003811944091485,11.753494282083862,67.09021601016518,45.3569249953476,71.69329408,61.14486759,,175,58.00608677,55.65397896139988,210,73.47715736040608,-35
2013-10-26,UFC Fight Night: Machida vs Munoz,0,4.875,0.5608433233433233,0.7916666666666666,0.35797709235209235,True,22.0,2.0,0.0,0.0,9.205357142857142,0.0,40.22842639593909,65.31130876747142,40.47013977128336,25.412960609911057,26.760804119101834,36.93726753,39.45423543,,465,35.44996061,32.35122282887427,519,34.263959390862944,-54
2013-11-06,UFC Fight Night: Fight for the Troops 3,0,3.5,0.7074193780076132,1.0769230769230769,0.42692307692307685,True,37.0,4.0,2.0,0.0,32.68177126341867,0.0,18.274111675126903,96.95044472681067,67.40787801778907,51.207115628970776,42.542068385843244,3.714275368,18.4985252,,629,26.1022572,27.173519536053213,613,22.33502538071066,16
2013-11-09,UFC Fight Night: Belfort vs Henderson 2,0,4.590909090909091,0.49622697563874035,0.6818181818181818,0.39751082251082254,True,10.0,1.0,0.0,0.0,2.4464285714285716,0.0,35.152284263959395,40.40660736975858,27.890724269377383,39.39008894536214,20.731487250212624,47.83738721,47.12543465,,432,37.92140384,33.80922771588645,495,37.309644670050766,-63
2013-11-16,UFC 167: St-Pierre vs Hendricks,1,7.583333333333333,0.5700075600569021,1.3333333333333333,0.4875368844118844,True,87.0,8.0,3.0,1.0,71.84586176728924,32.80701754385965,83.62944162436548,68.7420584498094,82.71918678526048,72.55400254129606,69.21699750242952,87.85961132,88.69915339,,7,81.02609006,78.53638565257509,21,97.46192893401016,-14
2013-11-30,The Ultimate Fighter: Team Rousey vs. Team Tate Finale,0,2.1,0.2114646464646465,0.35,0.05896464646464646,True,19.0,2.0,1.0,0.0,9.720513349848611,0.0,7.614213197969544,2.0330368487928845,3.748411689961881,0.12706480304955528,4.809335720522925,28.78410719,52.00766043,,635,25.88205963,22.207203675378384,672,14.847715736040609,-37
2013-12-06,UFC Fight Night: Hunt vs Bigfoot,0,3.8636363636363638,0.39110586383313656,0.4090909090909091,0.4628787878787879,True,25.0,3.0,0.0,0.0,13.446428571428573,0.0,22.715736040609137,13.722998729351971,6.416772554002541,64.29479034307496,19.03497024481398,33.97710856,13.05411802,,681,22.12532474,21.2255068446827,690,12.563451776649744,-9
2013-12-14,UFC on FOX: Johnson vs. Benavidez 2,1,6.318181818181818,0.5874458874458874,1.3181818181818181,0.4352272727272727,True,81.0,6.0,3.0,1.0,65.34586176728924,32.80701754385965,67.00507614213198,74.4599745870394,82.14739517153748,54.129606099110546,63.080628266301844,71.2917673,56.3544584,,119,63.99342867,63.44362072944316,131,83.50253807106598,-12
2013-12-28,UFC 168: Weidman vs Silva 2,2,7.545454545454546,0.5426725235548765,1.0454545454545454,0.516139542275906,True,107.0,9.0,3.0,2.0,82.18941112523466,81.40350877192982,83.24873096446701,57.30622617534943,64.99364675984752,81.8297331639136,76.28628175454143,87.6417042,85.81288001,,2,82.56160148,81.39077570365451,6,99.36548223350253,-4
2014-01-04,UFC Fight Night: Saffiedine vs Lim,0,0.65,0.1,0.1,0.11666666666666665,True,6.0,1.0,0.0,0.0,1.0803571428571428,0.0,0.6345177664974619,0.25412960609911056,0.12706480304955528,0.7623888182973316,0.5730412820092272,0.046425255,4.089336544,8.953488372,784,2.43886735,2.068815422704245,785,0.5076142131979695,-1
2014-01-15,UFC Fight Night: Rockhold vs Philippou,0,3.375,0.5210317460317461,0.625,0.32337962962962963,True,45.0,6.0,2.0,0.0,44.583556977704376,0.0,16.941624365482234,49.30114358322745,21.664548919949176,16.518424396442185,27.99467087042546,5.821659047,4.044138854,2.480620155,755,12.42704481,15.296086154115711,739,6.345177664974619,16
2014-01-25,UFC on FOX: Henderson vs Thomson,0,5.0,0.534603772638532,0.7272727272727273,0.3734668109668109,True,65.0,7.0,2.0,0.0,54.57016412056153,0.0,41.878172588832484,54.256670902160096,32.78271918678526,30.749682337992372,38.724463538376284,43.07189093,48.16266679,2.34496124,435,37.78885666,38.119352050053095,425,46.192893401015226,10
2014-02-01,UFC 169: Barao vs Faber 2,2,4.125,0.5328147546897547,1.4583333333333333,0.45634920634920634,True,101.0,9.0,4.0,2.0,84.77697649820466,81.40350877192982,27.03045685279188,53.367217280813215,88.31003811944092,61.24523506988564,69.022996802742,48.66919465,63.35537467,1.453488372,226,53.91766213,56.541332616861325,197,75.1269035532995,29
2014-02-15,UFC Fight Night: Machida vs Mousasi,0,3.25,0.5534722222222223,0.625,0.40277777777777773,True,26.0,3.0,0.0,0.0,14.53125,0.0,15.736040609137056,62.515883100381195,21.664548919949176,41.550190597204576,24.164707851734082,26.88812911,43.09403145,6.589147287,579,29.31436619,27.17075566369768,614,22.20812182741117,-35
2014-02-22,UFC 170: Rousey vs McMann,1,3.5454545454545454,0.5331678125795771,0.7272727272727273,0.34204545454545454,True,94.0,9.0,3.0,1.0,75.53782605300353,32.80701754385965,18.972081218274113,53.494282083862764,32.78271918678526,21.346886912325285,44.97776598821605,18.38916096,35.52870391,0.271317829,574,29.48280043,32.57883440887938,513,35.025380710659896,61
2014-03-01,UFC Fight Night: Kim vs Hathaway,0,3.8125,0.3153476731601732,0.375,0.21552579365079366,True,5.0,1.0,0.0,0.0,0.8392857142857143,0.0,22.27157360406091,5.336721728081321,4.7649301143583225,3.5578144853875475,5.282131304750049,4.143182723,26.86895812,4.031007752,761,11.24961578,9.655552160845023,765,3.0456852791878175,-4
2014-03-08,UFC Fight Night: Gustafsson vs Manuwa,0,3.9444444444444446,0.5119929453262786,0.6666666666666666,0.4470899470899471,True,27.0,4.0,1.0,0.0,20.925870492705755,0.0,23.98477157360406,46.12452350698856,26.55654383735705,58.57687420584497,28.01174098514298,28.45260919,29.76556356,6.124031008,621,26.87824295,26.30580195896577,624,20.939086294416242,-3
2014-03-15,UFC 171: Hendricks vs Lawler,1,4.615384615384615,0.6162120043698991,1.1538461538461537,0.4547196393350239,True,78.0,11.0,4.0,1.0,77.07181999740209,32.80701754385965,35.659898477157356,81.44853875476493,72.9987293519695,60.35578144853876,62.77934117990125,44.71955336,39.65922216,2.441860465,334,43.99792867,47.68601360365458,293,62.944162436548226,41
2014-03-23,UFC Fight Night: Shogun vs Henderson 2,0,4.090909090909091,0.5502262888626525,0.6363636363636364,0.3634199134199135,True,29.0,4.0,2.0,0.0,27.699628406275806,0.0,26.078680203045685,61.24523506988564,23.44345616264295,26.55654383735705,27.53523666009313,42.41497768,46.21940638,5.678294574,505,33.67201871,32.733602814242836,509,35.53299492385787,-4
2014-04-11,UFC Fight Night: Minotauro vs Nelson,0,5.125,0.6517496392496392,0.8125,0.46011904761904765,True,23.0,4.0,2.0,0.0,22.918378406275806,0.0,44.16243654822335,89.45362134688692,42.43964421855146,63.27827191867853,40.382269886410384,52.30094957,32.8693277,2.073643411,441,37.41845969,37.52066948824878,435,44.923857868020306,6
2014-04-16,UFC Fight Night: Bisping vs Kennedy,0,4.0,0.326496286254562,0.6153846153846154,0.2561050061050061,True,40.0,4.0,1.0,0.0,28.881227635562897,0.0,24.936548223350254,6.353240152477764,20.266836086404066,6.226175349428209,16.75396026430131,21.65305432,40.48068591,6.841085271,664,23.41025572,22.0603530992786,674,14.593908629441623,-10
2014-04-19,UFC on FOX: Werdum vs Browne,0,4.269230769230769,0.4123199575688264,1.2307692307692308,0.3884115884115884,True,89.0,11.0,5.0,0.0,79.73512764932562,0.0,28.99746192893401,16.89961880559085,79.16137229987294,35.83227445997459,46.44524014400982,30.50351112,40.31940575,8.372093023,488,34.5476976,37.78306147994452,431,45.431472081218274,57
2014-04-26,UFC 172: Jones vs Teixeira,1,6.1,0.611515984015984,1.25,0.3758058608058608,True,93.0,11.0,5.0,1.0,83.5162271677847,32.80701754385965,63.388324873096444,80.05082592121983,79.47903430749682,31.257941550190598,65.23250833775629,66.38853171,77.97083542,4.127906977,152,60.74367538,62.178805301667886,141,82.23350253807106,11
2014-05-10,UFC Fight Night: Brown vs Silva,0,5.076923076923077,0.5263618326118326,0.7692307692307693,0.3622377622377622,True,37.0,6.0,1.0,0.0,33.832120492705755,0.0,42.766497461928935,51.46124523506989,37.73824650571792,26.429479034307494,32.325001700995124,7.311026806,28.90898874,3.546511628,674,22.4853653,23.192555365377757,659,16.49746192893401,15
2014-05-24,UFC 173: Barao vs Dillashaw,1,4.708333333333333,0.6050054112554112,1.2083333333333333,0.43000992063492066,True,86.0,7.0,3.0,1.0,69.2655046244321,32.80701754385965,36.6751269035533,78.78017789072427,77.2554002541296,51.96950444726811,59.62786317286452,49.83828155,51.70104546,,206,54.82030284,55.29718777968631,214,72.96954314720813,-8
2014-05-31,UFC Fight Night: Miocic vs Maldonado,0,2.6666666666666665,0.40941558441558445,0.625,0.14097222222222222,True,17.0,2.0,0.0,0.0,6.071428571428571,0.0,11.802030456852792,16.39135959339263,21.664548919949176,1.2706480304955527,8.979430751525193,8.395487261,18.31492737,0.251937984,764,10.86362991,10.032023162921588,763,3.2994923857868024,1
2014-05-31,UFC Fight Night: Munoz vs Mousasi,0,3.35,0.4402930402930402,0.5,0.22916666666666666,True,30.0,4.0,1.0,0.0,22.85444192127718,0.0,16.624365482233504,23.252858958068614,11.753494282083862,4.193138500635324,14.671672587606137,8.70720737,16.01880525,6.453488372,754,12.59801405,12.834041003898824,751,4.822335025380711,3
2014-06-07,UFC Fight Night: Henderson vs Khabilov,0,5.545454545454546,0.48724959680842034,0.45454545454545453,0.40059940059940063,True,63.0,8.0,3.0,0.0,61.11386939168731,0.0,52.53807106598985,36.0864040660737,9.148665819567979,40.9148665819568,37.75048187220856,64.22190571,47.24897155,8.120155039,371,41.72991105,42.70083016231594,357,54.82233502538071,14
2014-06-14,UFC 174: Johnson vs Bagautinov,1,4.2727272727272725,0.48776362526362527,1.0454545454545454,0.3814574314574315,True,79.0,9.0,3.0,1.0,71.23871891014637,32.80701754385965,29.314720812182742,36.34053367217281,64.99364675984752,33.03684879288437,48.88060313437651,44.9827031,57.80058342,7.965116279,329,44.48027042,45.89391210411319,313,60.40609137055838,16
2014-06-28,UFC Fight Night: Swanson vs Stephens,0,2.772727272727273,0.4335858585858585,0.7727272727272727,0.2825757575757576,True,35.0,4.0,1.0,0.0,26.229441921277182,0.0,12.5,21.98221092757306,38.564167725540024,9.40279542566709,19.41171694741238,6.367159461,37.68415499,9.437984496,699,20.5964707,19.564477424629697,710,10.025380710659897,-11
2014-06-28,UFC Fight Night: Te Huna vs Marquardt,0,3.15,0.27444444444444444,0.45,0.23500000000000001,True,2.0,1.0,0.0,0.0,0.4375,0.0,15.101522842639595,3.9390088945362134,8.57687420584498,4.447268106734435,4.6203043669657315,12.24174538,19.71283108,8.468992248,760,11.33980668,10.002246054804237,764,3.1725888324873095,-4
2014-07-05,UFC 175: Weidman vs Machida,2,4.55,0.49221256684491976,1.15,0.4154578754578755,True,78.0,6.0,3.0,2.0,69.06441112523466,81.40350877192982,34.01015228426396,38.50063532401525,72.68106734434562,46.37865311308767,58.93568569484032,64.83548099,77.25663702,3.468992248,170,58.64804282,58.71758060662655,175,77.91878172588832,-5
2014-07-06,The Ultimate Fighter: Team Edgar vs. Team Penn Finale,0,2.272727272727273,0.20367965367965368,0.22727272727272727,0.19166666666666668,True,16.0,2.0,0.0,0.0,5.6294642857142865,0.0,8.565989847715736,1.7789072426937738,1.588310038119441,1.9059720457433291,3.6263243701124055,58.80466298,60.73175951,0.775193798,532,32.02149374,28.043641537851705,600,23.98477157360406,-68
2014-07-16,UFC Fight Night: Cowboy vs Miller,0,5.545454545454546,0.47781315906315913,0.5454545454545454,0.31590909090909086,True,33.0,5.0,1.0,0.0,28.251763349848613,0.0,52.53807106598985,33.41804320203304,14.930114358322744,14.485387547649301,24.627555269313877,25.23664822,49.20889383,1.182170543,583,29.02109821,27.824911729184382,604,23.477157360406093,-21
2014-07-19,UFC Fight Night: McGregor vs Brandao,0,2.5,0.4202380952380952,0.5,0.3833333333333333,True,25.0,4.0,1.0,0.0,18.916941921277182,0.0,10.469543147208121,19.3138500635324,11.753494282083862,34.05336721728081,16.25771823579788,11.39842516,15.56524722,2.131782946,749,13.28208041,13.623736606667025,745,5.583756345177665,4
2014-07-26,UFC on FOX: Lawler vs Brown,0,4.833333333333333,0.3934110147248692,1.0416666666666667,0.3297032828282828,True,68.0,8.0,3.0,0.0,62.881726534544455,0.0,39.02284263959391,14.23125794155019,64.16772554002542,18.424396442185515,37.882989119233045,29.28805801,46.7824602,0.736434109,522,32.69846091,34.235332411947205,485,38.578680203045685,37
2014-08-16,UFC Fight Night: Bader vs Saint Preux,0,5.75,0.45853979353979357,0.6,0.36537698412698416,True,49.0,7.0,2.0,0.0,48.50319983484724,0.0,56.598984771573605,27.445997458703943,19.186785260482846,28.081321473951714,32.93479240551387,29.43870329,30.62003247,5.542635659,607,27.53726606,28.91718993963638,586,25.761421319796955,21
2014-08-23,UFC Fight Night: Bisping vs Le,0,2.65,0.32,0.45,0.2019047619047619,True,26.0,3.0,1.0,0.0,17.05533477842004,0.0,11.6751269035533,5.972045743329097,8.57687420584498,2.9224904701397714,9.197115658727412,14.15922054,29.09662676,5.23255814,737,15.3233958,14.27021542301461,742,5.964467005076142,-5
2014-08-23,UFC Fight Night: Henderson vs Dos Anjos,0,4.2727272727272725,0.4439094995913177,0.7272727272727273,0.30050505050505055,True,34.0,5.0,2.0,0.0,34.583556977704376,0.0,29.314720812182742,24.1423125794155,32.78271918678526,11.30876747141042,24.031859900282463,29.19258244,53.97038519,0.11627907,563,30.11437103,29.362136339729933,576,27.03045685279188,-13
2014-08-30,UFC 177: Dillashaw vs Soto,1,2.9375,0.3640625,0.625,0.22827380952380952,True,22.0,2.0,0.0,1.0,12.182885232744784,32.80701754385965,13.705583756345177,9.6569250317662,21.664548919949176,4.066073697585769,15.120886422754273,10.32052856,13.11220016,,747,13.79386535,13.456453414296629,746,5.456852791878172,1
2014-09-05,UFC Fight Night: Jacare vs Mousasi,0,5.111111111111111,0.6032968574635241,0.7777777777777778,0.5485449735449736,True,29.0,3.0,0.0,0.0,16.660714285714285,0.0,43.84517766497462,78.01778907242694,39.26302414231258,88.43710292249047,39.937047418022935,40.90030541,23.79200777,0.290697674,511,33.35805517,32.63242047929055,512,35.152284263959395,-1
2014-09-13,UFC Fight Night: Bigfoot vs Arlovski,0,5.136363636363637,0.518211334120425,0.7272727272727273,0.3776662731208186,True,29.0,4.0,1.0,0.0,22.131227635562894,0.0,44.60659898477157,47.903430749682336,32.78271918678526,31.639135959339264,28.60983217394985,29.58719711,38.11372141,1.395348837,581,29.17074901,28.19425975811693,596,24.492385786802032,-15
2014-09-20,UFC Fight Night: Hunt vs Nelson,0,3.7916666666666665,0.5141203703703704,0.75,0.3354166666666667,True,47.0,6.0,1.0,0.0,39.65801334984861,0.0,21.573604060913706,46.632782719186785,36.0864040660737,19.949174078780178,29.291279094448196,24.6219581,30.68850978,6.065891473,633,25.95970136,26.248880464346172,625,20.812182741116754,8
2014-09-27,UFC 178: Johnson vs Cariaso,1,5.863636363636363,0.7296536796536796,2.1818181818181817,0.47759248327430137,True,115.0,13.0,6.0,1.0,88.4474221168626,32.80701754385965,58.37563451776649,98.856416772554,98.856416772554,69.37738246505718,76.69242816510958,64.95471995,57.3054005,4.651162791,164,59.46181853,62.64085973405041,139,82.48730964467005,25
2014-10-04,UFC Fight Night: MacDonald vs Saffiedine,0,2.4583333333333335,0.5525297619047619,1.0,0.3878472222222222,True,39.0,4.0,2.0,0.0,33.80677126341866,0.0,10.152284263959391,61.88055908513341,60.419313850063524,35.70520965692503,33.68406273887699,1.725271015,28.885001,3.042635659,682,21.8896102,22.533192269083415,668,15.355329949238577,14
2014-10-04,UFC Fight Night: Nelson vs Story,0,3.4545454545454546,0.5227272727272727,0.7272727272727273,0.3553030303030303,True,9.0,2.0,0.0,0.0,3.2991071428571432,0.0,17.893401015228427,50.444726810673444,32.78271918678526,24.396442185514612,18.56215263060539,7.854670863,26.59343441,0.329457364,728,17.31309734,16.15011910653848,730,7.487309644670051,-2
2014-10-25,UFC 179: Aldo vs Mendes 2,1,4.590909090909091,0.604563492063492,1.2272727272727273,0.3931277056277056,True,58.0,7.0,2.0,1.0,55.17715649616345,32.80701754385965,35.152284263959395,78.52604828462516,78.58958068614994,37.61118170266836,53.329202696225785,39.89187641,61.87895776,5.503875969,304,47.31289919,47.47140435456386,296,62.56345177664975,8
2014-11-07,UFC Fight Night: Rockhold vs Bisping,0,4.318181818181818,0.4753968253968253,0.6363636363636364,0.4174242424242424,True,18.0,2.0,1.0,0.0,9.077656206991467,0.0,30.329949238578678,31.893265565438373,23.44345616264295,47.45870393900889,21.360849348891087,16.1847484,37.92975979,0.406976744,665,23.35897868,21.771880176689898,681,13.705583756345177,-16
2014-11-08,UFC Fight Night 56: Shogun vs Saint Preux,0,2.3,0.3455769230769231,0.4,0.2708333333333333,True,13.0,2.0,1.0,0.0,6.7874776355628965,0.0,8.756345177664974,7.496823379923762,5.781448538754765,7.878017789072427,6.224012174627099,25.79432075,33.96126793,1.162790698,726,17.79955439,16.125554179728464,731,7.3604060913705585,-5
2014-11-15,UFC 180: Werdum vs Hunt,1,2.409090909090909,0.2426948051948052,0.8181818181818182,0.19864718614718616,True,75.0,8.0,4.0,1.0,71.54056999740209,32.80701754385965,9.835025380710661,2.6683608640406606,43.58322744599746,2.41423125794155,34.24527174817762,19.16738616,38.77375398,1.259689922,637,25.72702377,28.625844827161707,590,25.253807106598984,47
2014-11-22,UFC Fight Night: Edgar vs Swanson,0,4.75,0.5476851851851852,1.0,0.28953974266474264,True,63.0,7.0,3.0,0.0,59.015655105973025,0.0,37.37309644670051,59.84752223634053,60.419313850063524,10.038119440914867,41.17962380815463,54.67226079,71.85439708,6.104651163,297,47.92969249,47.38895679945113,298,62.30964467005076,-1
2014-12-06,UFC 181: Hendricks vs Lawler II,2,4.454545454545454,0.6142912642912642,0.9545454545454546,0.5605240718877083,True,91.0,7.0,2.0,2.0,70.58767013982316,81.40350877192982,31.66243654822335,80.94027954256671,55.717916137229984,90.3430749682338,68.78571127749267,59.23197457,57.05390095,4.980620155,189,56.58839263,57.722381817546626,186,76.52284263959392,3
2014-12-12,The Ultimate Fighter: A Champion Will Be Crowned Finale,1,2.272727272727273,0.16104465709728866,0.36363636363636365,0.18939393939393936,True,8.0,2.0,1.0,1.0,8.398934296879109,32.80701754385965,8.565989847715736,0.8894536213468869,4.320203303684879,1.7789072426937738,9.290300307365863,6.912419057,0.0,1.337209302,779,4.903302936,5.9279912641282975,777,1.5228426395939088,2
2014-12-13,UFC on FOX: Dos Santos vs Miocic,0,5.958333333333333,0.4598118651572598,0.5416666666666666,0.40562920875420877,True,50.0,8.0,3.0,0.0,56.372797963115886,0.0,60.659898477157356,27.95425667090216,14.294790343074967,42.31257941550191,37.24285287586386,65.28275815,47.62853755,5.794573643,374,41.53864235,42.551654741197375,361,54.314720812182735,13
2014-12-20,UFC Fight Night: Machida vs Dollaway,0,4.5,0.510445226070226,0.7916666666666666,0.39141992266992265,True,32.0,4.0,1.0,0.0,24.18033477842004,0.0,32.99492385786802,45.36213468869123,40.47013977128336,36.84879288437103,29.04873920183592,53.90887673,51.70362693,0.852713178,416,38.71598505,36.68244215584452,446,43.52791878172589,-30
2015-01-03,UFC 182: Jones vs Cormier,1,6.2272727272727275,0.5421202683234768,1.5909090909090908,0.41453168044077143,True,66.0,7.0,2.0,1.0,58.02983506759202,32.80701754385965,65.98984771573603,56.92503176620076,92.82083862770013,45.99745870393901,58.64457773031859,65.09321191,75.84814338,6.027131783,165,59.44646236,58.58631709804655,180,77.28426395939087,-15
2015-01-18,UFC Fight Night: McGregor vs Siver,0,4.958333333333333,0.46980704584205224,0.9583333333333334,0.28532116032116034,True,41.0,4.0,2.0,0.0,35.333556977704376,0.0,41.307106598984774,29.987293519695047,56.5438373570521,9.529860228716645,29.831600771934113,44.91867569,41.03651961,4.205426357,506,33.6687723,33.05322195678969,503,36.29441624365482,3
2015-01-24,UFC on FOX: Gustafsson vs Johnson,0,4.708333333333333,0.474757881007881,0.75,0.36154701779701776,True,56.0,5.0,2.0,0.0,46.07462840627581,0.0,36.6751269035533,31.76620076238882,36.0864040660737,26.04828462515883,32.103030811887194,42.42491624,42.55081712,1.531007752,501,33.78067248,33.61515628786811,496,37.18274111675127,5
2015-01-31,UFC 183: Silva vs Diaz,0,8.136363636363637,0.5860594099898911,1.2727272727272727,0.5023071625344353,True,98.0,10.0,4.0,0.0,78.17018476465731,0.0,88.3248730964467,74.07878017789072,80.30495552731894,78.65311308767471,68.44169649390355,92.35721116,61.30962123,3.934108527,115,64.25969038,65.68329436569563,108,86.42131979695431,7
2015-02-14,UFC Fight Night: Henderson vs Thatch,0,4.2,0.6383333333333333,1.35,0.30626984126984125,True,14.0,3.0,1.0,0.0,9.140156206991467,0.0,27.918781725888326,87.16645489199492,83.73570520965693,12.325285895806863,32.30251874336603,36.73516288,39.91708684,1.220930233,514,33.21850896,31.844746583648377,528,33.121827411167516,-14
2015-02-22,UFC Fight Night: Bigfoot vs Mir,0,4.454545454545454,0.5612079290933045,0.9090909090909091,0.4024170274170274,True,41.0,7.0,2.0,0.0,44.48534269199009,0.0,31.66243654822335,65.56543837357052,50.76238881829733,41.29606099110546,39.84568826996456,32.91733494,37.53599107,80.9038055,363,42.34941676,41.9191288763837,372,52.91878172588832,-9
2015-02-28,UFC 184: Rousey vs Zingano,1,5.545454545454546,0.44224416887460366,0.7727272727272727,0.40917207792207794,True,44.0,6.0,2.0,1.0,46.99858506759202,32.80701754385965,52.53807106598985,23.761118170266837,38.564167725540024,43.32909783989835,40.839501648655265,41.89634125,52.43848459,3.081395349,405,39.61619729,39.847971978081425,397,49.746192893401016,8
2015-03-14,UFC 185: Pettis vs Dos Anjos,2,6.416666666666667,0.5707697123138299,0.8333333333333334,0.3163269600769601,True,110.0,10.0,4.0,2.0,87.7992979267761,81.40350877192982,68.33756345177665,69.12325285895807,45.04447268106734,15.120711562897077,65.40392068376089,63.37076114,55.82629569,0.697674419,231,53.2492057,56.37892345903001,200,74.74619289340102,31
2015-03-21,UFC Fight Night: Maia vs LaFlare,0,4.291666666666667,0.43707358674463936,0.8333333333333334,0.4543803418803418,True,18.0,3.0,1.0,0.0,11.108906206991467,0.0,29.695431472081218,22.490470139771286,45.04447268106734,60.101651842439644,25.35915552104777,23.20112636,37.30319716,7.868217054,613,27.15405776,25.762984419481974,630,20.17766497461929,-17
2015-04-04,UFC Fight Night: Mendes vs Lamas,0,5.35,0.49689171939171944,0.6,0.39393759018759017,True,44.0,7.0,2.0,0.0,46.4540926919901,0.0,48.60406091370558,40.78780177890724,19.186785260482846,37.73824650571792,34.42059303183093,54.80515579,36.2831121,5.019379845,462,35.56235983,36.37482971494223,452,42.766497461928935,10
2015-04-11,UFC Fight Night: Gonzaga vs Cro Cop 2,0,2.5416666666666665,0.2525950292397661,0.16666666666666666,0.35833333333333334,True,19.0,3.0,0.0,0.0,9.227678571428573,0.0,10.97715736040609,3.0495552731893265,0.7623888182973316,25.54002541296061,8.414381332508043,8.852323832,21.30440077,2.170542636,759,11.53202305,10.7221490889937,761,3.5532994923857872,-2
2015-04-18,UFC on FOX: Machida vs Rockhold,0,6.181818181818182,0.7322083008932151,1.4545454545454546,0.5946928071928071,True,81.0,10.0,4.0,0.0,74.15232762180017,0.0,65.03807106598984,98.98348157560356,87.86531130876747,95.1715374841169,70.83387448736694,62.58138509,62.53710423,1.879844961,172,58.47194637,60.29763441068879,158,80.0761421319797,14
2015-04-25,UFC 186: Johnson vs Horiguchi,1,5.666666666666667,0.6595433501683502,1.0416666666666667,0.3149470899470899,True,71.0,7.0,3.0,1.0,65.20746891014639,32.80701754385965,55.32994923857868,91.61372299872936,64.16772554002542,13.722998729351971,55.63203864012023,68.30500273,63.37838241,4.612403101,214,54.48541479,55.0223228153553,218,72.46192893401016,-4
2015-05-09,UFC Fight Night: Miocic vs Hunt,0,3.7916666666666665,0.42787247474747475,0.5833333333333334,0.48993055555555554,True,25.0,3.0,1.0,0.0,15.970513349848611,0.0,21.573604060913706,20.330368487928844,17.598475222363405,74.07878017789072,23.492525917828118,16.13518025,36.3088431,6.899224806,657,24.35145095,23.034169539800935,664,15.862944162436548,-7
2015-05-16,UFC Fight Night: Edgar vs Faber,0,4.291666666666667,0.4767977392977392,0.7916666666666666,0.26785714285714285,True,24.0,3.0,0.0,0.0,12.522321428571427,0.0,29.695431472081218,32.90978398983482,40.47013977128336,7.369758576874205,19.219012361981733,62.3696082,65.15668911,2.325581395,383,40.93705813,37.1290892342116,442,44.03553299492386,-59
2015-05-23,UFC 187: Johnson vs Cormier,2,8.636363636363637,0.6525503611065108,1.9090909090909092,0.5673160173160174,True,146.0,12.0,5.0,2.0,94.07406224001583,81.40350877192982,91.94162436548223,89.58068614993647,96.95044472681067,91.23252858958068,91.37744963652834,88.20089358,37.61306514,0.678294574,109,64.83771411,69.78052720860303,78,90.22842639593908,31
2015-05-30,UFC Fight Night: Condit vs Alves,0,4.583333333333333,0.4133572567783094,0.625,0.28215303215303217,True,50.0,7.0,3.0,0.0,54.274583677401594,0.0,34.83502538071066,17.280813214739517,21.664548919949176,9.275730622617536,27.910231642542843,30.75529523,46.0885988,5.949612403,580,29.31203595,30.339324482469706,561,28.934010152284262,19
2015-06-06,UFC Fight Night: Boetsch vs Henderson,0,5.958333333333333,0.4777529761904762,0.7916666666666666,0.5010251322751323,True,13.0,3.0,1.0,0.0,8.818727635562897,0.0,60.659898477157356,33.29097839898348,40.47013977128336,78.01778907242694,32.38705109144803,41.40476647,34.24542616,6.201550388,510,33.40830954,32.161240919466096,524,33.629441624365484,-14
2015-06-13,UFC 188: Velasquez vs Werdum,1,3.9545454545454546,0.7204545454545455,1.2272727272727273,0.3705529319165683,True,74.0,8.0,4.0,1.0,71.29949856883067,32.80701754385965,24.36548223350254,98.09402795425667,78.58958068614994,29.35196950444727,58.238980479759455,47.21376082,69.48186034,7.286821705,243,52.11370708,53.19164984638935,235,70.30456852791879,8
2015-06-20,UFC Fight Night: Jedrzejczyk vs Penne,1,2.409090909090909,0.4823232323232323,0.5909090909090909,0.31611570247933884,True,34.0,4.0,2.0,1.0,34.01197792473488,32.80701754385965,9.835025380710661,34.81575603557815,18.487928843710293,14.866581956797967,25.717316743912406,10.011542,34.69022672,3.662790698,684,21.57130944,22.030633890399706,676,14.340101522842641,8
2015-06-27,UFC Fight Night: Machida vs Romero,0,3.111111111111111,0.3537037037037037,0.6666666666666666,0.35,True,24.0,3.0,1.0,0.0,15.046406206991467,0.0,14.847715736040609,8.005082592121983,26.55654383735705,22.61753494282084,14.597684657265109,43.25691506,68.35221511,0.581395349,479,34.84178773,31.32708311464195,539,31.725888324873097,-60
2015-07-11,UFC 189: Mendes vs McGregor,2,7.2727272727272725,0.701007551725255,1.2272727272727273,0.5756673881673883,True,84.0,9.0,3.0,2.0,77.64923255380609,81.40350877192982,79.69543147208121,96.569250317662,78.58958068614994,92.37611181702668,83.30351339522079,63.17606188,54.59826131,12.34848485,133,62.79836121,65.46481574860157,111,86.04060913705584,22
2015-07-12,The Ultimate Fighter: American Top Team vs. Blackzilians Finale,0,3.5454545454545454,0.3586580086580086,0.6363636363636364,0.27878787878787875,True,7.0,1.0,0.0,0.0,1.3214285714285714,0.0,18.972081218274113,9.275730622617536,23.44345616264295,9.021601016518424,8.896230234235995,6.48084506,30.67407705,0.387596899,746,14.01762201,12.305108461848558,754,4.441624365482234,-8
2015-07-15,UFC Fight Night: Mir vs Duffee,0,5.25,0.6228911135161135,1.0,0.4534722222222222,True,32.0,6.0,2.0,0.0,36.467485549132945,0.0,47.01776649746193,83.73570520965693,60.419313850063524,59.84752223634053,46.083088755833096,27.18935302,37.18823999,80.24489077,338,43.89714242,43.385780366883225,346,56.21827411167513,-8
2015-07-18,UFC Fight Night: Bisping vs Leites,0,4.541666666666667,0.44496536072623033,0.6666666666666666,0.34068287037037037,True,20.0,3.0,1.0,0.0,12.394620492705755,0.0,33.88324873096447,24.396442185514612,26.55654383735705,20.96569250317662,18.530655963793514,25.47889596,52.08848562,2.674418605,601,28.16956378,25.856367551445018,627,20.558375634517766,-26
2015-07-25,UFC on FOX: Dillashaw vs. Barao II,1,7.25,0.5384259259259259,0.75,0.5259040727790728,True,80.0,8.0,3.0,1.0,69.39496891014637,32.80701754385965,79.25126903553299,56.03557814485387,36.0864040660737,83.10038119440915,61.03778167090603,66.9026627,64.13835877,,122,63.62624277,63.22933810224086,133,83.24873096446701,-11
2015-08-01,UFC 190: Rousey vs Correia,1,5.269230769230769,0.5119047619047619,1.0,0.47393162393162397,True,80.0,12.0,4.0,1.0,78.36646285454495,32.80701754385965,47.33502538071066,45.99745870393901,60.419313850063524,67.97966963151208,59.14532677177537,73.58852976,55.16808746,3.217054264,230,53.3919491,55.85501152981668,207,73.85786802030458,23
2015-08-08,UFC Fight Night: Teixeira vs Saint Preux,0,3.8076923076923075,0.508960270498732,0.9615384615384616,0.4112179487179487,True,68.0,10.0,3.0,0.0,66.74333367740161,0.0,22.01776649746193,43.96442185514612,57.30622617534943,44.34561626429479,43.4917644141358,15.71674094,31.44555147,9.651162791,597,28.35975313,31.34703223980247,538,31.85279187817259,59
2015-08-23,UFC Fight Night: Holloway vs Oliveira,0,6.125,0.5879607478291689,1.2083333333333333,0.4332506613756613,True,29.0,4.0,1.0,0.0,22.131227635562894,0.0,63.89593908629442,74.84116899618806,77.2554002541296,53.24015247776366,44.33194080468147,30.27757917,45.08076504,6.356589147,413,38.80087245,37.60718741105348,433,45.17766497461929,-20
2015-09-05,UFC 191: Johnson vs Dodson 2,1,6.863636363636363,0.5784409796976643,1.2727272727272727,0.5074640637140637,True,89.0,9.0,3.0,1.0,74.61371891014637,32.80701754385965,74.0482233502538,72.04574332909785,80.30495552731894,79.5425667090216,69.80890657738118,81.27576771,76.97685052,3.953488372,92,66.97407894,67.32302187339535,94,88.19796954314721,-2
2015-09-26,UFC Fight Night: Barnett vs Nelson,0,4.95,0.38818722943722944,0.35,0.29464285714285715,True,43.0,6.0,2.0,0.0,43.37819983484724,0.0,40.9263959390863,12.960609911054638,3.748411689961881,10.800508259212197,22.594489562358273,30.4513443,26.64390654,6.298449612,675,22.46988939,23.584265344684805,656,16.878172588832488,19
2015-10-03,UFC 192: Cormier vs Gustafsson,1,5.416666666666667,0.6625965537730244,1.2083333333333333,0.4596891534391534,True,102.0,10.0,4.0,1.0,81.83074856883067,32.80701754385965,50.19035532994924,92.12198221092758,77.2554002541296,63.024142312579414,68.70507024185157,63.23615633,44.06151046,3.875968992,240,52.4121154,55.597415904251726,211,73.3502538071066,29
2015-10-24,UFC Fight Night: Holohan vs Smolka,0,3.1,0.5983333333333333,0.8,0.4458333333333333,True,3.0,2.0,0.0,0.0,1.892857142857143,0.0,14.593908629441623,77.0012706480305,41.550190597204576,58.19567979669632,27.35560409684937,1.0909935,13.80889704,2.093023256,734,16.27150388,16.07085612895071,732,7.233502538071066,2
2015-11-07,UFC Fight Night: Belfort vs Henderson 3,0,6.576923076923077,0.6389348370927318,1.0769230769230769,0.5920405982905983,True,54.0,8.0,3.0,0.0,58.06029796311588,0.0,70.81218274111674,87.42058449809403,67.40787801778907,94.53621346886912,62.24284961055642,69.90217416,55.39829116,3.391472868,199,55.47708655,56.53696047805595,198,75.0,1
2015-11-14,UFC 193: Rousey vs Holm,2,4.8076923076923075,0.5372932622932624,1.1153846153846154,0.5448717948717948,True,72.0,9.0,4.0,2.0,77.94661935534752,81.40350877192982,38.3248730964467,55.65438373570522,70.83862770012706,87.54764930114358,70.11165177135359,54.53201152,58.18629036,21.96617336,187,56.74205753,59.24600356442266,170,78.55329949238579,17
2015-11-21,UFC Fight Night: Magny vs Gastelum,0,4.115384615384615,0.48926073926073926,0.7307692307692307,0.26416361416361417,True,40.0,5.0,2.0,0.0,37.99873554913295,0.0,26.776649746192895,37.35705209656925,33.92630241423126,6.734434561626429,26.070842099346663,23.61397833,18.93797616,5.03875969,700,20.55125983,21.857893322499464,679,13.959390862944163,21
2015-11-28,UFC Fight Night: Henderson vs Masvidal,0,3.590909090909091,0.4822954822954823,0.6363636363636364,0.36349862258953164,True,9.0,1.0,0.0,0.0,2.004464285714286,0.0,19.860406091370557,34.68869123252859,23.44345616264295,26.683608640406607,15.256001983487106,38.04304506,42.21062021,7.170542636,600,28.17279849,25.39062153540407,636,19.416243654822335,-36
2015-12-10,UFC Fight Night: Namajunas vs. VanZant,0,4.166666666666667,0.553038445472656,1.2083333333333333,0.4287698412698413,True,41.0,5.0,2.0,0.0,38.88266412056152,0.0,27.66497461928934,62.13468869123253,77.2554002541296,51.715374841168995,42.292660612983326,16.72140461,22.46288404,0.930232558,624,26.62524108,28.16819064077233,597,24.36548223350254,27
2015-12-11,The Ultimate Fighter: Team McGregor vs. Team Faber Finale,0,6.55,0.3800881342599609,0.8,0.2685363247863248,True,49.0,5.0,2.0,0.0,42.90052126341867,0.0,70.36802030456852,11.56289707750953,41.550190597204576,7.496823379923762,31.207066769314494,82.73185805,71.44611779,12.01902748,244,51.9433162,49.47630814668467,272,65.60913705583756,-28
2015-12-12,UFC 194: Aldo vs McGregor,2,6.833333333333333,0.7666246947496947,2.8333333333333335,0.5686598124098124,True,134.0,12.0,5.0,2.0,93.63209795430154,81.40350877192982,73.54060913705584,99.87293519695044,100.0,91.61372299872936,90.58993804094364,84.95382262,74.02261949,32.00477289,15,77.68002592,79.84666605203408,12,98.60406091370558,3
2015-12-19,UFC on FOX: Dos Anjos vs. Cowboy 2,1,8.153846153846153,0.5110834085009484,0.8461538461538461,0.39810125771664234,True,77.0,8.0,2.0,1.0,63.58340649616345,32.80701754385965,88.51522842639594,45.7433290978399,45.93392630241423,39.64421855146124,54.44514273792497,72.72748256,64.80313267,7.829457364,196,56.21591666,56.08444674644549,202,74.49238578680203,-6
2016-01-02,UFC 195: Lawler vs Condit,1,5.541666666666667,0.5183217245717245,1.25,0.5243145743145744,True,67.0,6.0,2.0,1.0,55.91822792473487,32.80701754385965,52.22081218274111,48.03049555273189,79.47903430749682,82.9733163913596,58.14696301436693,74.04258528,62.63385722,5.755813953,176,57.88398962,57.39200173190879,188,76.26903553299492,-12
2016-01-17,UFC Fight Night: Dillashaw vs Cruz,1,6.846153846153846,0.5317055964397593,1.1153846153846154,0.47651098901098893,True,70.0,6.0,3.0,1.0,62.1717546244321,32.80701754385965,73.73096446700508,52.98602287166455,70.83862770012706,68.86912325285896,60.543972204301774,61.62144709,63.055281,,143,62.319589,61.42123043753202,149,81.21827411167513,-6
2016-01-30,UFC on FOX: Johnson vs. Bader,0,5.8076923076923075,0.5358365898807075,0.9230769230769231,0.4449969901892979,True,62.0,9.0,3.0,0.0,62.87726224883017,0.0,57.5507614213198,54.76493011435832,53.176620076238876,57.68742058449809,50.108341182147164,34.49358619,51.20569877,6.666666667,381,40.97329041,42.57034630168769,360,54.441624365482234,21
2016-02-06,UFC Fight Night: Hendricks vs Thompson,0,5.666666666666667,0.5186507936507936,0.9166666666666666,0.41875,True,71.0,9.0,4.0,0.0,69.88447047894303,0.0,55.32994923857868,48.284625158831,51.96950444726811,48.15756035578145,49.48917063174721,48.23735794,56.05505337,5.445736434,327,44.65819021,46.25392262220372,309,60.913705583756354,18
2016-02-21,UFC Fight Night: Cowboy vs Cowboy,0,4.269230769230769,0.39574898785425106,0.7307692307692307,0.3172161172161172,True,20.0,5.0,2.0,0.0,24.45855697770438,0.0,28.99746192893401,14.358322744599747,33.92630241423126,15.247776365946633,20.291747976830944,14.06469561,35.20549504,0.07751938,707,19.67915283,20.181397950342234,702,11.040609137055837,5
2016-02-27,UFC Fight Night: Silva vs Bisping,0,5.230769230769231,0.47425213675213673,0.5769230769230769,0.5238876319758673,True,33.0,4.0,2.0,0.0,30.27105697770438,0.0,46.63705583756345,31.512071156289707,16.96315120711563,82.84625158831004,33.99551126381035,76.78696723,72.6568664,2.887596899,250,51.54254188,48.80433826985276,280,64.59390862944161,-30
2016-03-05,UFC 196: McGregor vs Diaz,1,7.083333333333333,0.6672750860250861,1.4166666666666667,0.5358541921041922,True,60.0,7.0,2.0,1.0,55.82001363902059,32.80701754385965,77.28426395939087,92.8843710292249,86.27700127064803,85.5146124523507,69.21342136747256,73.41979672,62.47704419,57.1066372,80,68.37604714,67.44614254923738,92,88.4517766497462,-12
2016-03-19,UFC Fight Night: Hunt vs Mir,0,5.666666666666667,0.5310447042064689,0.5833333333333334,0.4505208333333333,True,23.0,4.0,2.0,0.0,22.918378406275806,0.0,55.32994923857868,52.60482846251588,17.598475222363405,59.46632782719187,32.77545482697372,43.5330864,50.28095127,79.00458069,313,46.17386864,43.61625557680791,341,56.852791878172596,-28
2016-04-10,UFC Fight Night: Rothwell vs Dos Santos,0,3.8076923076923075,0.3904512154512154,0.5384615384615384,0.4863053613053613,True,19.0,2.0,0.0,0.0,7.196428571428572,0.0,22.01776649746193,13.468869123252858,13.595933926302415,72.04574332909785,19.11689237408468,30.04820799,46.37302666,2.829457364,590,28.53499187,25.889387851478954,626,20.685279187817258,-36
2016-04-16,UFC on FOX: Teixeira vs Evans,0,5.909090909090909,0.6651875901875901,1.3636363636363635,0.4334415584415584,True,86.0,10.0,5.0,0.0,77.62352050646848,0.0,59.517766497461935,92.6302414231258,84.30749682337992,53.494282083862764,63.88002630783681,61.25925091,56.40118166,7.46124031,228,53.83292962,56.01623129800493,204,74.23857868020305,24
2016-04-23,UFC 197: Jones vs Saint Preux,2,6.041666666666667,0.6861701377326378,2.0416666666666665,0.45903379028379027,True,106.0,11.0,5.0,2.0,90.12763366858726,81.40350877192982,62.055837563451774,95.04447268106735,98.15756035578144,62.515883100381195,82.9231068467418,85.45841689,80.07009336,1.085271318,46,72.50315874,74.66942853630123,38,95.30456852791879,8
2016-05-08,UFC Fight Night: Overeem vs Arlovski,0,5.076923076923077,0.5811331212647002,1.0769230769230769,0.5443223443223444,True,52.0,8.0,1.0,0.0,46.599977635562894,0.0,42.766497461928935,72.93519695044472,67.40787801778907,87.42058449809403,51.85421526062482,41.71167386,44.83420735,3.294573643,352,42.90137814,43.222490250387416,347,56.09137055837563,5
2016-05-14,UFC 198: Werdum vs Miocic,1,8.333333333333334,0.6726310726310727,1.9583333333333333,0.631403897028897,True,81.0,9.0,3.0,1.0,72.04229033871782,32.80701754385965,89.84771573604061,93.26556543837357,97.83989834815756,97.83989834815756,79.23670045965781,85.07881691,61.31243295,1.434108527,90,67.22219483,68.7983680333426,87,89.08629441624365,3
2016-05-29,UFC Fight Night: Almeida vs Garbrandt,0,6.5,0.5102292519571932,1.0,0.4517676767676768,True,66.0,8.0,3.0,0.0,62.19869082025873,0.0,69.41624365482234,44.98094027954257,60.419313850063524,59.720457433290974,51.49478097655834,54.49768899,30.25614492,6.937984496,389,40.6528351,43.02724115901684,351,55.58375634517766,38
2016-06-04,UFC 199: Rockhold vs. Bisping 2,2,8.0,0.6532038122762105,1.5384615384615385,0.4872752247752248,True,110.0,12.0,4.0,2.0,89.51804792677609,81.40350877192982,87.11928934010153,89.83481575603558,90.85133418043202,72.29987293519696,85.86664931575027,83.18665624,66.84380804,0.348837209,71,69.6753071,72.54024454774513,56,93.02030456852792,15
2016-06-18,UFC Fight Night: MacDonald vs Thompson,0,5.076923076923077,0.5218711843711843,0.8461538461538461,0.46539987789987786,True,37.0,4.0,1.0,0.0,27.113370492705755,0.0,42.766497461928935,49.93646759847522,45.93392630241423,65.56543837357052,36.72233731090618,41.0455557,50.89905759,2.228682171,409,39.0994858,37.34295830391684,437,44.67005076142132,-28
2016-07-07,UFC Fight Night: Dos Anjos vs. Alvarez,1,5.166666666666667,0.5435579953672058,0.9166666666666666,0.49667658730158726,True,40.0,4.0,2.0,1.0,37.42715649616345,32.80701754385965,45.36802030456853,57.814485387547656,51.96950444726811,76.36594663278272,48.23364335309277,30.0110481,47.26458709,3.158914729,406,39.60535021,39.50400715712268,402,49.111675126903556,4
2016-07-08,The Ultimate Fighter: Team Joanna vs. Team Cláudia Finale,1,4.208333333333333,0.47124669312169304,0.75,0.26106902356902356,True,41.0,3.0,1.0,1.0,29.796255725450536,32.80701754385965,28.17258883248731,30.62261753494282,36.0864040660737,6.480304955527319,27.722527328239874,32.04512682,41.44000738,0.968992248,560,30.23517872,29.01599131979034,583,26.14213197969543,-23
2016-07-09,UFC 200: Tate vs Nunes,2,10.625,0.6998884730935647,1.4166666666666667,0.6059989778739778,True,179.0,16.0,7.0,2.0,96.98577432369324,81.40350877192982,98.09644670050761,96.44218551461246,86.27700127064803,96.06099110546378,93.2549509679506,99.81743419,39.60150195,45.87209302,37,73.9656515,78.15665269805729,23,97.20812182741116,14
2016-07-13,UFC Fight Night: McDonald vs. Lineker,0,4.458333333333333,0.43023989898989895,1.0,0.4903935185185186,True,39.0,5.0,1.0,0.0,31.787477635562894,0.0,32.10659898477157,21.346886912325285,60.419313850063524,74.33290978398983,35.8850426250299,20.53569153,37.36152426,0.426356589,572,29.52746574,29.287142740213753,579,26.649746192893403,-7
2016-07-23,UFC on FOX: Holm vs. Shevchenko,0,4.090909090909091,0.4626082251082251,0.6818181818181818,0.36687327823691457,True,42.0,6.0,2.0,0.0,42.81569983484724,0.0,26.078680203045685,28.46251588310038,27.890724269377383,28.46251588310038,28.369931023861508,25.6837377,16.54519728,23.51656096,667,23.18440876,24.692190062576294,646,18.14720812182741,21
2016-07-30,UFC 201: Lawler vs. Woodley,1,7.2272727272727275,0.5675469031312684,1.0909090909090908,0.48033481669845307,True,73.0,7.0,2.0,1.0,60.641442210449156,32.80701754385965,78.93401015228426,67.5984752223634,69.50444726810674,70.26683608640406,62.86794274135728,55.44733065,56.31420043,4.941860465,229,53.49341083,54.00097654512435,229,71.06598984771574,0
2016-08-06,UFC Fight Night: Rodriguez vs. Caceres,0,5.125,0.47339864996115,0.7916666666666666,0.35758928571428567,True,35.0,6.0,1.0,0.0,32.94819192127718,0.0,44.16243654822335,31.13087674714104,40.47013977128336,25.285895806861497,29.63136641867445,23.07063106,25.9957839,8.139534884,651,24.66256707,25.238993332190248,638,19.16243654822335,13
2016-08-20,UFC 202: Diaz vs. McGregor 2,0,7.291666666666667,0.469164951334069,1.1666666666666667,0.415939860792802,True,71.0,9.0,3.0,0.0,66.49333367740161,0.0,80.01269035532995,29.860228716645487,73.69758576874206,46.632782719186785,52.176460361607084,75.4386924,52.83803205,76.80264591,156,60.20836195,59.90231573633926,160,79.82233502538071,-4
2016-08-27,UFC on FOX: Maia vs. Condit,0,7.0,0.4163252086078173,0.6,0.3811164978812037,True,41.0,4.0,1.0,0.0,29.765156206991467,0.0,75.8248730964467,18.04320203303685,19.186785260482846,32.78271918678526,29.34680800284267,77.03183201,64.21877575,5.581395349,292,48.23323097,45.13280492340763,325,58.88324873096447,-33
2016-09-03,UFC Fight Night: Arlovski vs. Barnett,0,5.2272727272727275,0.4288239538239538,0.5,0.3731851481851481,True,50.0,6.0,2.0,0.0,46.79337840627581,0.0,46.38324873096447,20.584498094027953,11.753494282083862,30.62261753494282,29.346153731765416,50.92107006,42.2939419,6.162790698,487,34.55782594,34.62281241761209,476,39.72081218274111,11
2016-09-10,UFC 203: Miocic vs. Overeem,1,7.05,0.5513523976023975,0.8,0.4640277777777778,True,102.0,10.0,5.0,1.0,83.81533431064184,32.80701754385965,76.58629441624365,61.62642947903431,41.550190597204576,64.80304955527319,63.97681771601871,71.34825629,52.71065571,2.248062016,220,54.17505006,56.9471029909686,193,75.63451776649747,27
2016-09-17,UFC Fight Night: Poirier vs. Johnson,0,5.375,0.4883763227513227,0.625,0.45798611111111115,True,29.0,5.0,2.0,0.0,31.24873554913295,0.0,49.36548223350254,36.594663278271916,21.664548919949176,62.13468869123253,33.14093430195375,9.881163405,34.87990442,1.007751938,655,24.48524559,25.193039894198726,639,19.035532994923855,16
2016-09-24,UFC Fight Night: Cyborg vs. Lansberg,0,5.769230769230769,0.5293356404781744,0.8846153846153846,0.5145604395604395,True,24.0,5.0,2.0,0.0,27.11034269199009,0.0,56.852791878172596,52.22363405336722,49.30114358322745,80.94027954256671,41.637601675623785,53.79610753,1.307394069,2.945736434,582,29.15593495,31.570640765966942,532,32.61421319796954,50
2016-10-01,UFC Fight Night: Lineker vs. Dodson,0,4.583333333333333,0.403303872053872,0.7083333333333334,0.41240079365079363,True,35.0,5.0,1.0,0.0,29.778549064134324,0.0,34.83502538071066,15.374841168996186,31.067344345616267,44.85387547649301,26.591916811294556,32.55171145,45.78985921,2.209302326,548,30.75396922,29.6883575109955,569,27.918781725888326,-21
2016-10-08,UFC 204: Bisping vs. Henderson,1,7.909090909090909,0.6308682404939089,1.2272727272727273,0.5320731235803007,True,65.0,10.0,4.0,1.0,71.9468199974021,32.80701754385965,86.42131979695431,85.00635324015248,78.58958068614994,84.11689961880559,72.95580992324972,81.73930011,61.95007528,2.46124031,124,63.33868073,65.41745918149488,112,85.91370558375635,12
2016-11-05,UFC Fight Night: Dos Anjos vs. Ferguson,0,5.538461538461538,0.48344017094017094,1.0384615384615385,0.3924714174714174,True,55.0,6.0,3.0,0.0,53.930833677401594,0.0,52.03045685279187,35.324015247776366,63.53240152477764,37.2299872935197,42.51561063186166,53.20613885,66.88870796,2.286821705,310,46.68013063,46.206729359356366,310,60.786802030456855,0
2016-11-12,UFC 205: Alvarez vs McGregor,3,10.272727272727273,0.7518395379093318,2.3181818181818183,0.5061167998667998,True,183.0,16.0,7.0,3.0,99.1166932643032,98.7719298245614,97.58883248730965,99.61880559085134,99.1740787801779,79.16137229987294,96.13911063687921,98.02918643,47.91389027,73.41950157,10,80.21868477,83.67341792396444,5,99.49238578680203,5
2016-11-19,UFC Fight Night: Bader vs. Nogueira,0,5.416666666666667,0.5774209495426601,0.875,0.40806277056277057,True,41.0,6.0,1.0,0.0,36.48390620699146,0.0,50.19035532994924,71.41041931385006,48.60228716645489,42.82083862770013,40.768517923411046,28.13082526,28.5604267,0.523255814,553,30.55351272,31.277919257369085,540,31.5989847715736,13
2016-11-19,UFC Fight Night: Mousasi vs. Hall 2,0,3.923076923076923,0.44771062271062273,0.7307692307692307,0.3138195138195138,True,38.0,5.0,2.0,0.0,36.75319983484724,0.0,23.66751269035533,25.158831003811944,33.92630241423126,13.468869123252858,24.496972082885367,17.10389139,27.87740889,0.620155039,702,20.3038933,21.22650872362727,689,12.690355329949238,13
2016-11-26,UFC Fight Night: Whittaker vs. Brunson,0,4.076923076923077,0.39849913158736694,0.5769230769230769,0.40934065934065933,True,18.0,3.0,1.0,0.0,11.108906206991467,0.0,25.69796954314721,14.73951715374841,16.96315120711563,43.4561626429479,17.45262393867172,3.365831012,33.84575209,0.368217054,730,17.24121629,16.25157699962899,728,7.741116751269035,2
2016-12-03,The Ultimate Fighter: Tournament of Champions Finale,1,5.125,0.5073817930435577,1.0833333333333333,0.289556277056277,True,59.0,6.0,1.0,1.0,47.45697001116482,32.80701754385965,44.16243654822335,43.32909783989835,68.55146124523507,10.165184243964422,42.09921864231477,66.76438993,56.98973683,6.724806202,288,48.35976865,47.264029082864795,300,62.055837563451774,-12
2016-12-09,UFC Fight Night: Lewis vs. Abdurakhimov,0,2.75,0.43320105820105814,0.75,0.2905753968253968,True,21.0,6.0,1.0,0.0,22.74283477842004,0.0,12.246192893401016,21.72808132147395,36.0864040660737,10.292249047013977,18.07226025944078,1.508820799,17.07267895,0.019379845,762,11.0498265,12.403107648622761,753,4.568527918781726,9
2016-12-10,UFC 206: Holloway vs. Pettis,1,7.333333333333333,0.5804503367003367,1.5,0.49805402930402926,True,93.0,12.0,5.0,1.0,84.20819145349898,32.80701754385965,80.32994923857868,72.68106734434562,89.83481575603558,76.74714104193139,74.59845616551483,59.13414917,54.18363242,2.65503876,194,56.28771658,59.510705661936825,166,79.06091370558376,28
2016-12-17,UFC on FOX: VanZant vs. Waterson,0,4.846153846153846,0.6005001408847563,0.7307692307692307,0.5086538461538461,True,28.0,5.0,2.0,0.0,30.64605697770438,0.0,39.276649746192895,77.38246505717916,33.92630241423126,79.92376111817026,41.465102060319616,29.78991475,20.9130507,6.879844961,571,29.53750994,30.916583842847025,547,30.710659898477154,24
2016-12-30,UFC 207: Nunes vs. Rousey,2,8.25,0.696015406162465,1.45,0.5789772727272727,True,123.0,12.0,6.0,2.0,93.7374000462366,81.40350877192982,89.40355329949239,96.18805590851333,87.4841168996188,92.6302414231258,90.7165466962462,92.94694122,63.69149999,34.57668653,19,76.88494107,79.64773719947326,14,98.3502538071066,5
2017-01-15,UFC Fight Night: Rodriguez vs. Penn,0,5.208333333333333,0.30506553631553635,0.4166666666666667,0.3058226495726496,True,15.0,3.0,1.0,0.0,9.582120492705753,0.0,46.00253807106599,4.701397712833545,6.925031766200762,12.198221092757306,12.650442557811791,64.11716715,62.26871695,4.321705426,440,37.47713947,34.056268621193425,490,37.944162436548226,-50
2017-01-28,UFC on FOX: Shevchenko vs. Pena,0,6.208333333333333,0.4872822427170253,1.0,0.41077754482359746,True,80.0,8.0,4.0,0.0,69.80857762180017,0.0,65.60913705583756,36.213468869123254,60.419313850063524,44.09148665819568,49.82925018719085,60.67809633,31.10027889,4.186046512,385,40.8193599,43.531302285707795,343,56.598984771573605,42
2017-02-04,UFC Fight Night: Bermudez vs. The Korean Zombie,0,3.9166666666666665,0.5741341991341992,0.6666666666666666,0.3992063492063492,True,42.0,5.0,0.0,0.0,31.55357142857143,0.0,23.477157360406093,70.26683608640406,26.55654383735705,39.898348157560356,31.893915390413287,23.93802178,27.52148477,8.255813953,617,27.07324166,26.81787391589011,619,21.573604060913706,-2
2017-02-11,UFC 208: Holm vs. De Randamie,1,9.0,0.6192406204906205,1.0,0.543927298192004,True,50.0,6.0,1.0,1.0,44.202505725450536,32.80701754385965,93.78172588832487,82.46505717916138,60.419313850063524,87.29351969504448,63.20808049953871,93.19860617,15.43815712,21.48167724,227,53.90505769,55.12397267758781,217,72.58883248730965,10
2017-02-19,UFC Fight Night: Lewis vs. Browne,0,5.7272727272727275,0.5578184441820805,0.8636363636363636,0.426497113997114,True,37.0,4.0,1.0,0.0,27.113370492705755,0.0,56.21827411167513,64.16772554002542,47.39517153748412,50.95298602287166,38.756793157499615,43.13089111,37.35121787,0.813953488,450,36.48857276,35.61558417684983,463,41.370558375634516,-13
2017-03-04,UFC 209: Woodley vs. Thompson 2,1,5.318181818181818,0.5914588468416221,0.9545454545454546,0.5394332939787486,True,58.0,7.0,3.0,1.0,60.22532605300352,32.80701754385965,48.223350253807105,75.47649301143584,55.717916137229984,86.27700127064803,59.85784676627834,68.14972348,50.30363787,1.782945736,242,52.34107121,53.77264358308804,231,70.81218274111674,11
2017-03-11,UFC Fight Night: Belfort vs. Gastelum,0,8.791666666666666,0.6047393578643578,1.4166666666666667,0.4895743145743146,True,83.0,12.0,5.0,0.0,78.41816336361134,0.0,93.02030456852792,78.65311308767471,86.27700127064803,73.82465057179162,69.97395873889333,71.99888959,51.7761692,1.976744186,186,56.833835,59.616208372290934,165,79.18781725888326,21
2017-03-18,UFC Fight Night: Manuwa vs. Anderson,0,4.818181818181818,0.5744089244089244,1.0454545454545454,0.5696969696969697,True,30.0,4.0,1.0,0.0,22.85444192127718,0.0,38.642131979695435,70.64803049555273,64.99364675984752,91.74078780177891,44.0997761615456,19.36385342,21.59467211,9.127906977,566,29.93277286,30.209563348610978,563,28.680203045685282,3
2017-04-08,UFC 210: Cormier vs. Johnson 2,1,6.153846153846154,0.6115592375460797,0.9615384615384616,0.334522635484174,True,67.0,7.0,3.0,1.0,63.39943319586067,32.80701754385965,64.40355329949239,80.30495552731894,57.30622617534943,19.69504447268107,54.65218154137641,69.36634006,68.55824392,3.178294574,198,55.59868065,55.801241442033145,209,73.60406091370558,-11
2017-04-15,UFC on FOX: Johnson vs. Reis,1,5.923076923076923,0.6684065934065934,1.5384615384615385,0.41656335117873583,True,99.0,11.0,3.0,1.0,78.94407605300353,32.80701754385965,59.96192893401015,93.13850063532402,90.85133418043202,47.01397712833545,69.01140899497564,73.13011799,75.11549679,5.406976744,118,64.01921004,64.8999810636888,119,85.0253807106599,-1
2017-04-22,UFC Fight Night: Swanson vs. Lobov,0,7.923076923076923,0.550874561641825,0.9230769230769231,0.457251776001776,True,69.0,12.0,3.0,0.0,68.7433336774016,0.0,86.5482233502538,61.499364675984744,53.176620076238876,61.499364675984744,57.404300292205185,73.11377545,23.22948821,8.779069767,324,45.04264762,48.47940311631439,284,64.08629441624365,40
2017-05-13,UFC 211: Miocic vs. Dos Santos,2,7.541666666666667,0.6633874703727646,2.0833333333333335,0.4554029304029304,True,123.0,11.0,4.0,2.0,90.23233364106181,81.40350877192982,82.93147208121827,92.37611181702668,98.47522236340534,60.60991105463786,85.28117174466907,93.9629572,67.39631269,4.748062016,45,72.66122492,75.20318457994777,36,95.55837563451777,9
2017-05-28,UFC Fight Night: Gustafsson vs. Teixeira,0,5.208333333333333,0.6031517094017094,0.75,0.47164351851851855,True,53.0,5.0,2.0,0.0,44.86927126341867,0.0,46.00253807106599,77.89072426937739,36.0864040660737,67.47141041931386,45.30393213464193,29.58634348,54.17547668,7.596899225,390,40.63506722,40.02709913963529,395,50.0,-5
2017-06-03,UFC 212: Aldo vs. Holloway,1,6.5,0.5541835755830321,1.0833333333333333,0.3959223646723647,True,87.0,8.0,2.0,1.0,66.79769221044917,32.80701754385965,69.41624365482234,62.7700127064803,68.55146124523507,38.88182973316391,58.17902674683333,81.61872315,76.28733899,49.70930233,82,68.14680814,66.47261620734334,101,87.30964467005076,-19
2017-06-10,UFC Fight Night: Lewis vs. Hunt,0,5.5,0.48215761511216065,0.8181818181818182,0.43400892037255684,True,45.0,7.0,3.0,0.0,52.064762248830164,0.0,51.649746192893396,34.561626429479034,43.58322744599746,53.62134688691233,41.297661248388565,39.08180165,48.16622802,1.317829457,442,37.19393302,38.32327364735874,418,47.08121827411168,24
2017-06-17,UFC Fight Night: Holm vs. Correia,0,6.5,0.38623511904761904,0.5,0.40838675213675213,True,41.0,6.0,2.0,0.0,42.052306977704376,0.0,69.41624365482234,12.833545108005081,11.753494282083862,42.94790343074968,31.78885819990385,63.45762707,22.92668409,22.31501057,476,35.01725342,35.85892428415577,459,41.878172588832484,17
2017-06-25,UFC Fight Night: Chiesa vs. Lee,0,7.423076923076923,0.48149046380871763,0.6923076923076923,0.44130388841927304,True,32.0,5.0,2.0,0.0,33.29784269199009,0.0,81.34517766497463,34.30749682337992,29.288437102922487,57.052096569250324,38.26840195007086,79.81293785,34.29094465,1.240310078,358,42.70110807,42.83035005483259,355,55.0761421319797,3
2017-07-07,The Ultimate Fighter: Redemption Finale,0,5.909090909090909,0.5198274356362591,0.5909090909090909,0.27803030303030307,True,22.0,2.0,0.0,0.0,9.205357142857142,0.0,59.517766497461935,48.53875476493011,18.487928843710293,8.767471410419315,21.705276155170175,32.7908456,11.03942165,6.918604651,693,20.88953329,20.31894629147828,701,11.16751269035533,-8
2017-07-08,UFC 213: Romero vs. Whittaker,1,6.636363636363637,0.521060606060606,1.1818181818181819,0.5540064510652746,True,67.0,8.0,3.0,1.0,65.49764748157494,32.80701754385965,71.44670050761421,49.428208386277,74.90470139771284,89.45362134688692,64.17492913000157,75.03278007,57.4451368,1.918604651,179,57.58775127,58.85746957630072,174,78.04568527918782,5
2017-07-16,UFC Fight Night: Nelson vs. Ponzinibbio,0,2.875,0.441087962962963,0.6666666666666666,0.3273809523809524,True,22.0,5.0,2.0,0.0,25.824628406275806,0.0,12.944162436548224,23.506988564167724,26.55654383735705,17.852604828462514,19.067830475197713,4.951826261,27.6174309,7.751937984,735,15.84704443,16.711632392410948,725,8.121827411167512,10
2017-07-22,UFC Fight Night: Weidman vs. Gastelum,0,6.038461538461538,0.6286113459190381,1.0384615384615385,0.46880341880341886,True,57.0,9.0,4.0,0.0,64.62107762180017,0.0,61.8020304568528,84.49809402795425,63.53240152477764,66.4548919949174,58.066561807170345,46.67043906,47.83568528,4.399224806,318,45.60749967,47.94188826669836,289,63.45177664974619,29
2017-07-29,UFC 214: Cormier vs. Jones 2,3,8.083333333333334,0.6344195102283338,1.9166666666666667,0.5389389271790588,True,138.0,12.0,6.0,3.0,96.59153327256084,98.7719298245614,87.94416243654823,85.7687420584498,97.07750952986022,86.02287166454892,92.75939015372386,96.22601869,89.39533916,5.19379845,3,81.95871825,84.02539804271298,3,99.74619289340102,0
2017-08-05,UFC Fight Night: Pettis vs. Moreno,0,4.75,0.5443181818181818,0.6666666666666666,0.43407738095238085,True,30.0,4.0,1.0,0.0,22.85444192127718,0.0,37.37309644670051,58.32274459974587,26.55654383735705,53.748411689961884,31.4964440967103,30.95323564,32.36400296,8.546511628,565,30.00817961,29.27280793928674,580,26.522842639593907,-15
2017-09-02,UFC Fight Night: Volkov vs. Struve,0,3.7916666666666665,0.4725859788359788,1.0833333333333333,0.2875992063492064,True,20.0,3.0,1.0,0.0,12.394620492705755,0.0,21.573604060913706,30.876747141041932,68.55146124523507,9.783989834815756,22.028398467292632,7.353760446,33.57827149,7.984496124,690,21.01147557,19.936559933274612,706,10.532994923857867,-16
2017-09-09,UFC 215: Nunes vs Shevchenko 2,1,6.7272727272727275,0.60849173553719,0.9090909090909091,0.38593073593073596,True,103.0,12.0,5.0,1.0,85.73497716778469,32.80701754385965,72.5253807106599,79.03430749682337,50.76238881829733,35.06988564167726,63.54835037991986,65.35169344,47.93754905,45.05813953,197,56.17387739,58.66168847556314,177,77.66497461928934,20
2017-09-16,UFC Fight Night: Rockhold vs. Branch,0,5.1,0.576417748917749,1.05,0.5191666666666666,True,31.0,5.0,2.0,0.0,32.69516412056152,0.0,43.65482233502538,70.90216010165184,65.6289707750953,82.0838627700127,46.52632347361839,25.0973668,26.71639447,5.329457364,530,32.11298289,33.334082013664464,501,36.54822335025381,29
2017-09-22,UFC Fight Night: Saint Preux vs. Okami,0,5.45,0.4274286824286825,0.35,0.42565934065934063,True,48.0,4.0,1.0,0.0,33.300870492705755,0.0,50.63451776649747,20.20330368487929,3.748411689961881,50.57179161372299,27.512384613520357,39.53286753,32.93632041,8.643410853,557,30.43394376,29.463259354319366,573,27.411167512690355,-16
2017-10-07,UFC 216: Ferguson vs. Lee,2,7.2272727272727275,0.5597844223512672,1.8636363636363635,0.3942509510691328,True,81.0,10.0,4.0,2.0,81.93322649820468,81.40350877192982,78.93401015228426,64.54891994917408,96.18805590851333,37.99237611181703,74.849329874582,82.37163749,56.12098876,3.643410853,144,62.2185206,65.26341060260772,114,85.65989847715736,30
2017-10-21,UFC Fight Night: Cerrone vs. Till,0,4.590909090909091,0.39313131313131316,0.2727272727272727,0.3178429027113237,True,23.0,2.0,0.0,0.0,9.848214285714285,0.0,35.152284263959395,14.104193138500634,2.0330368487928845,15.374841168996186,12.28747404454916,26.43136943,46.48903384,0.910852713,656,24.46313663,21.785812051192615,680,13.83248730964467,-24
2017-10-28,UFC Fight Night: Brunson vs. Machida,0,8.0,0.6834169302919303,1.2083333333333333,0.599535184887352,True,50.0,7.0,2.0,0.0,49.22641412056152,0.0,87.11928934010153,94.53621346886912,77.2554002541296,95.55273189326556,64.39283313005967,69.90207106,51.29566415,5.387596899,193,56.45096336,56.82296467592745,196,75.25380710659898,-3
2017-11-04,UFC 217: Bisping vs. St-Pierre,3,8.727272727272727,0.7793493543493544,2.3181818181818183,0.5540160862529283,True,130.0,11.0,5.0,3.0,94.74962403776864,98.7719298245614,92.89340101522842,100.0,99.1740787801779,89.58068614993647,95.68370061911719,96.68902266,84.55008867,1.957364341,4,81.79976793,84.08284321149391,2,99.8730964467005,2
2017-11-11,UFC Fight Night: Poirier vs. Pettis,0,9.884615384615385,0.5455169527174248,0.5,0.4882085329200713,True,48.0,8.0,4.0,0.0,58.55857762180017,0.0,96.06598984771574,58.83100381194409,11.753494282083862,72.80813214739517,51.091780099019495,87.34522971,44.84304956,5.523255814,251,51.47013199,53.13596586634897,236,70.17766497461929,15
2017-11-18,UFC Fight Night: Werdum vs. Tybura,0,4.653846153846154,0.3742445054945055,0.34615384615384615,0.3241647241647242,True,22.0,2.0,1.0,0.0,11.729441921277182,0.0,35.786802030456855,10.927573062261754,3.2401524777636594,16.89961880559085,12.878413069033392,18.80434677,40.29860074,1.375968992,691,20.94718698,19.06431536315536,713,9.644670050761421,-22
2017-11-25,UFC Fight Night: Bisping vs. Gastelum,0,4.041666666666667,0.2664141414141414,0.3333333333333333,0.2489583333333333,True,21.0,2.0,1.0,0.0,11.046406206991469,0.0,25.380710659898476,3.6848792884371027,2.9224904701397714,5.336721728081321,8.539394162615375,39.68582617,55.35775677,0.03875969,603,27.87577707,24.841585530603073,644,18.401015228426395,-41
2017-12-01,The Ultimate Fighter: A New World Champion Finale,1,1.2272727272727273,0.178030303030303,0.22727272727272727,0.16666666666666666,True,0.0,0.0,0.0,1.0,2.977528089887641,32.80701754385965,2.1573604060913705,1.2706480304955527,1.588310038119441,1.4612452350698857,6.3930998024753185,4.18517246,0.045964332,5.717054264,782,4.084055368,4.443381429778647,780,1.1421319796954315,2
2017-12-02,UFC 218: Holloway vs. Aldo 2,1,5.8076923076923075,0.6578395460748402,1.7307692307692308,0.5063644688644688,True,141.0,13.0,6.0,1.0,90.37599354543403,32.80701754385965,57.5507614213198,91.23252858958068,94.91740787801778,79.28843710292249,76.92425941862827,76.52880323,80.2974219,45.71705426,39,73.62459256,74.458634287169,42,94.79695431472082,-3
2017-12-09,UFC Fight Night: Swanson vs. Ortega,0,3.923076923076923,0.4760143702451395,0.7307692307692307,0.34145299145299146,True,40.0,5.0,2.0,0.0,37.99873554913295,0.0,23.66751269035533,32.52858958068615,33.92630241423126,21.21982210927573,26.987532415976673,15.37409843,49.82518712,9.011627907,599,28.20070229,27.659270523049273,608,22.96954314720812,-9
2017-12-16,UFC Fight Night: Lawler vs. Dos Anjos,0,7.863636363636363,0.5888463341148763,0.9090909090909091,0.5580371017871018,True,70.0,8.0,3.0,0.0,63.725476534544455,0.0,86.04060913705584,74.96823379923761,50.76238881829733,90.08894536213468,61.37806775670491,74.17821975,68.54634342,3.275193798,161,59.82190274,59.960834445284256,159,79.94923857868021,2
2017-12-30,UFC 219: Cyborg vs. Holm,1,6.55,0.63134534583064,1.5,0.49152930402930395,True,59.0,8.0,3.0,1.0,62.604790338717805,32.80701754385965,70.36802030456852,85.13341804320204,89.83481575603558,74.58703939008895,68.16368064690101,74.19560775,31.89015976,22.17935166,218,54.39821829,56.912097115774465,195,75.38071065989847,23
2018-01-14,UFC Fight Night: Stephens vs. Choi,0,5.454545454545454,0.4811720142602496,1.0909090909090908,0.30242812742812747,True,31.0,6.0,1.0,0.0,30.296406206991467,0.0,50.95177664974619,34.18043202033037,69.50444726810674,11.435832274459974,32.3390702118675,26.6437555,29.84056511,3.798449612,611,27.2040236,27.68236779285905,607,23.096446700507613,4
2018-01-20,UFC 220: Miocic vs. Ngannou,2,5.590909090909091,0.5819458319458319,1.1818181818181819,0.3851411845730027,True,81.0,9.0,4.0,2.0,80.23679792677609,81.40350877192982,53.74365482233503,73.3163913595934,74.90470139771284,34.68869123252859,68.59901203980678,58.40946374,72.03838685,1.647286822,173,58.39561194,60.41880135031112,156,80.32994923857868,17
2018-01-27,UFC Fight Night: Jacare vs. Brunson 2,0,5.333333333333333,0.5781746031746032,0.7083333333333334,0.4306216931216931,True,18.0,4.0,0.0,0.0,11.53125,0.0,48.47715736040609,71.53748411689962,31.067344345616267,52.09656925031766,31.90437271025355,18.49781138,28.941214,0.19379845,638,25.65288374,25.131976875316635,641,18.781725888324875,-3
2018-02-03,UFC Fight Night: Machida vs. Anders,0,6.090909090909091,0.5953397612488521,0.9090909090909091,0.48836580086580084,True,6.0,3.0,0.0,0.0,4.40625,0.0,63.07106598984772,76.74714104193139,50.76238881829733,72.93519695044472,38.21408599207297,56.05311584,51.27169436,0.988372093,340,43.8023357,41.28877500965356,378,52.15736040609137,-38
2018-02-10,UFC 221: Romero vs. Rockhold,0,5.583333333333333,0.6019141737891738,1.125,0.48456439393939393,True,70.0,7.0,3.0,0.0,61.62726224883017,0.0,53.236040609137056,77.63659466327827,71.6010165184244,71.2833545108005,56.814159556878685,49.81225698,53.6069335,3.236434109,289,48.30485216,49.210378712664195,276,65.1015228426396,13
2018-02-18,UFC Fight Night: Cerrone vs. Medeiros,0,6.375,0.45801234440940325,0.6666666666666666,0.344067634363687,True,31.0,7.0,3.0,0.0,43.34601224883017,0.0,67.95685279187818,27.19186785260483,26.55654383735705,21.72808132147395,33.084472087113014,42.70606432,41.8296987,3.430232558,520,32.80720988,34.15974828027199,487,38.3248730964467,33
2018-02-24,UFC Fight Night: Emmett vs. Stephens,0,8.0,0.5534527201193867,0.75,0.49409722222222224,True,83.0,9.0,4.0,0.0,73.0183990503716,0.0,87.11928934010153,62.38881829733164,36.0864040660737,75.09529860228716,58.40209315792265,64.27161687,40.83017857,0.658914729,303,47.44211872,50.05324932234442,266,66.37055837563452,37
2018-03-03,UFC 222: Cyborg vs. Kunitskaya,1,7.666666666666667,0.6106036081365028,1.1666666666666667,0.4769097222222222,True,85.0,10.0,4.0,1.0,78.25485571168781,32.80701754385965,84.2005076142132,79.79669631512071,73.69758576874206,68.99618805590852,71.00617605520452,84.29360917,13.71995708,2.519379845,272,49.62432782,54.47776354489408,224,71.7005076142132,48
2018-03-17,UFC Fight Night: Werdum vs. Volkov,0,3.95,0.4357142857142858,0.95,0.3268181818181818,True,39.0,5.0,2.0,0.0,37.35587840627581,0.0,24.1751269035533,22.236340533672173,55.08259212198221,17.662007623888183,27.888612927516164,31.10536996,50.03318791,6.782945736,534,31.96427304,31.357539251657435,537,31.979695431472084,-3
2018-04-07,UFC 223: Khabib vs. Iaquinta,2,7.111111111111111,0.6487166718539268,1.6111111111111112,0.3902396985730319,True,80.0,9.0,4.0,2.0,79.75465506963323,81.40350877192982,77.53807106598984,88.81829733163914,93.13850063532402,36.46759847522236,76.7576332001047,65.49356408,38.44215373,5.251937984,211,54.6340509,58.69956298864817,176,77.79187817258884,35
2018-04-14,UFC Fight Night: Poirier vs. Gaethje,0,6.821428571428571,0.5553678568716163,0.6428571428571429,0.49563947956805093,True,60.0,9.0,4.0,0.0,65.54518476465731,0.0,73.3502538071066,63.15120711562897,24.52350698856417,75.98475222363406,52.84491624828792,53.01929236,34.00729093,8.197674419,376,41.36394734,44.27427723991245,333,57.868020304568525,43
2018-04-21,UFC Fight Night: Barboza vs. Lee,0,9.181818181818182,0.5898811205629387,0.8181818181818182,0.4790709698797934,True,79.0,10.0,5.0,0.0,75.33334193503991,0.0,94.79695431472082,75.09529860228716,43.58322744599746,69.75857687420584,62.25277059372156,78.73765475,39.69394092,2.034883721,246,51.81930335,54.89471389261192,219,72.33502538071066,27
2018-05-12,UFC 224: Nunes vs. Pennington,1,7.3076923076923075,0.6791595767568308,1.3846153846153846,0.4990773115773116,True,70.0,8.0,3.0,1.0,66.7030046244321,32.80701754385965,80.20304568527918,94.0279542566709,85.00635324015248,77.12833545108005,71.69508025211555,82.7720406,52.07081326,47.55813953,97,66.64239021,67.40097871817315,93,88.3248730964467,4
2018-05-19,UFC Fight Night: Maia vs. Usman,0,4.769230769230769,0.638054538054538,1.2692307692307692,0.40623192596876806,True,44.0,6.0,3.0,0.0,49.069226534544455,0.0,37.690355329949234,87.03939008894537,79.79669631512071,42.56670902160102,49.313809066149624,24.46000324,59.58411995,7.635658915,373,41.61223924,41.937625163728825,371,53.045685279187815,2
2018-05-27,UFC Fight Night: Thompson vs. Till,0,5.136363636363637,0.5679981634527089,0.7727272727272727,0.3306138306138306,True,34.0,6.0,2.0,0.0,37.75319983484724,0.0,44.60659898477157,67.85260482846252,38.564167725540024,18.678526048284624,35.0842256126424,29.52660752,50.68397012,6.317829457,492,34.48031623,34.4168538083155,481,39.08629441624365,11
2018-06-01,UFC Fight Night: Rivera vs. Moraes,0,6.708333333333333,0.5099615187205486,1.1666666666666667,0.37170138888888893,True,51.0,5.0,2.0,0.0,44.186235549132945,0.0,72.27157360406092,44.72681067344346,73.69758576874206,29.860228716645487,44.133738491544754,19.49595437,30.73888764,8.992248062,539,31.39285365,32.25240975451059,522,33.88324873096447,17
2018-06-09,UFC 225: Whittaker vs. Romero 2,1,9.5,0.5215565417488495,1.3461538461538463,0.3888148208001149,True,158.0,14.0,7.0,1.0,91.57526068003352,32.80701754385965,95.30456852791879,49.80940279542567,83.35451080050827,36.0864040660737,69.10324472674012,95.57513071,68.23308214,4.631782946,101,66.15179062,68.28847769590045,89,88.83248730964468,12
2018-06-23,UFC Fight Night: Cowboy vs. Edwards,0,5.153846153846154,0.5490181115181115,0.8076923076923077,0.36648351648351646,True,33.0,6.0,3.0,0.0,42.037976534544455,0.0,45.0507614213198,60.736975857687426,42.058449809402795,28.335451080050827,37.27682230394786,33.84128121,51.49295084,5.174418605,458,35.87263871,36.438311171316016,451,42.89340101522843,7
2018-07-06,The Ultimate Fighter: Undefeated Finale,0,2.3333333333333335,0.3321078431372549,0.5416666666666666,0.2934027777777778,True,25.0,3.0,1.0,0.0,15.970513349848611,0.0,9.073604060913706,6.607369758576874,14.294790343074967,10.546378653113088,10.464253999149593,6.216273717,27.45498764,0.755813953,753,13.0603204,12.296815733448813,755,4.314720812182741,-2
2018-07-07,UFC 226: Miocic vs. Cormier,1,7.136363636363637,0.6753496503496503,1.2272727272727273,0.7150793650793651,True,84.0,9.0,4.0,1.0,76.23699856883067,32.80701754385965,78.04568527918782,93.51969504447268,78.58958068614994,99.61880559085134,76.43240935088221,87.40638241,74.73370933,3.120155039,64,70.03841271,71.14174398810582,61,92.38578680203045,3
2018-07-14,UFC Fight Night: Dos Santos vs. Ivanov,0,5.923076923076923,0.42999777999778,0.8461538461538461,0.33951465201465203,True,42.0,7.0,2.0,0.0,45.248735549132945,0.0,59.96192893401015,20.96569250317662,45.93392630241423,20.584498094027953,34.21706708144794,51.54549332,28.64247056,8.798449612,519,32.98418465,34.261047872266055,484,38.70558375634518,35
2018-07-22,UFC Fight Night: Shogun vs. Smith,0,4.730769230769231,0.45916901725725257,0.5384615384615384,0.4197496947496948,True,38.0,5.0,2.0,0.0,36.75319983484724,0.0,37.055837563451774,27.82719186785261,13.595933926302415,48.66581956797967,28.82622956003628,47.24198982,44.09454412,5.096899225,496,34.26761193,33.86379298691669,493,37.56345177664975,3
2018-07-28,UFC Fight Night: Alvarez vs. Poirier 2,0,7.961538461538462,0.6117976734681541,1.4230769230769231,0.399404761904762,True,121.0,14.0,6.0,0.0,86.50560831268923,0.0,86.6751269035533,80.55908513341804,86.78526048284625,40.02541296060991,67.11796646106663,76.67743414,52.24755919,72.66737139,107,65.0656808,66.50450024369066,99,87.56345177664974,8
2018-08-04,UFC 227: Dillashaw vs. Garbrandt 2,2,5.083333333333333,0.5929811507936508,1.2916666666666667,0.41771885521885527,True,91.0,9.0,4.0,2.0,83.29036935534752,81.40350877192982,43.210659898477154,76.23888182973316,81.2579415501906,47.64930114358323,71.15355185375222,79.35287285,62.53600972,,66,69.89782505,71.05132002014003,65,91.87817258883248,1
2018-08-25,UFC Fight Night: Gaethje vs. Vick,0,7.615384615384615,0.561801446416831,1.0769230769230769,0.5355769230769231,True,34.0,6.0,3.0,0.0,42.80136939168731,0.0,84.01015228426397,65.81956797966964,67.40787801778907,85.38754764930114,55.20793124784953,31.66716278,21.60396438,6.686046512,473,35.10270468,37.783901000410786,430,45.558375634517766,43
2018-09-08,UFC 228: Woodley vs. Till,1,6.923076923076923,0.6512296108449954,1.2307692307692308,0.44747584931408463,True,115.0,13.0,6.0,1.0,88.4474221168626,32.80701754385965,75.1269035532995,89.32655654383736,79.16137229987294,58.70393900889454,73.45183708802574,72.29113115,58.25061388,3.449612403,160,59.84226359,62.85199020739184,137,82.74111675126903,23
2018-09-15,UFC Fight Night: Hunt vs. Oleinik,0,6.416666666666667,0.4472822361552338,1.0,0.3181525072150072,True,31.0,5.0,2.0,0.0,32.69516412056152,0.0,68.33756345177665,25.03176620076239,60.419313850063524,15.501905972045742,33.50922616261922,57.88100484,35.24753108,7.054263566,451,36.46817922,36.607948293804846,449,43.14720812182741,2
2018-09-22,UFC Fight Night: Marreta vs. Anders,0,7.785714285714286,0.4543437949342417,0.5714285714285714,0.4577123273551845,True,5.0,2.0,0.0,0.0,2.1339285714285716,0.0,85.0253807106599,26.17534942820839,16.45489199491741,61.88055908513341,27.17524394207725,56.58732557,16.41075554,0.484496124,575,29.47722154,28.608639669955533,591,25.12690355329949,-16
2018-10-06,UFC 229: Khabib vs. McGregor,1,8.5,0.662823083778966,2.0416666666666665,0.43858040108040103,True,142.0,14.0,6.0,1.0,90.76885068829117,32.80701754385965,90.54568527918782,92.24904701397712,98.15756035578144,55.90851334180432,78.9841505013328,87.34799549,76.04958258,79.28214492,11,79.79434728,80.20839089801309,10,98.85786802030458,1
2018-10-27,UFC Fight Night: Oezdemir vs. Smith,0,6.230769230769231,0.4286657056393898,0.15384615384615385,0.40586080586080586,True,27.0,4.0,2.0,0.0,26.494271263418664,0.0,66.24365482233503,20.4574332909784,0.3811944091486658,42.43964421855146,26.081351122767497,17.44819233,21.51614373,1.569767442,706,19.88125575,20.726552193873047,695,11.928934010152284,11
2018-11-03,UFC 230: Cormier vs. Lewis,1,6.041666666666667,0.5916040556665556,0.7083333333333334,0.584837962962963,True,90.0,8.0,3.0,1.0,72.68961176728924,32.80701754385965,62.055837563451774,75.60355781448538,31.067344345616267,93.51969504447268,63.11436685385078,79.56770938,74.68491303,0.562015504,132,62.82399968,63.02438723337136,134,83.12182741116752,-2
2018-11-10,UFC Fight Night: Korean Zombie vs. Rodriguez,0,4.666666666666667,0.4942956349206349,0.4583333333333333,0.3958333333333333,True,34.0,5.0,2.0,0.0,34.583556977704376,0.0,35.91370558375635,39.64421855146124,9.593392630241423,38.6277001270648,27.704129458264646,46.66215267,32.3579505,6.976744186,551,30.57654323,30.82599666680174,549,30.456852791878177,2
2018-11-17,UFC Fight Night: Magny vs. Ponzinibbio,0,5.625,0.49649665636507745,1.2083333333333333,0.36402116402116397,True,26.0,5.0,2.0,0.0,29.119271263418664,0.0,54.441624365482234,40.53367217280813,77.2554002541296,27.064803049555273,36.63715135690214,13.73439163,41.80900715,9.709302326,568,29.86972996,30.043567588374984,568,28.045685279187815,0
2018-11-24,UFC Fight Night: Blaydes vs. Ngannou 2,0,3.2083333333333335,0.44950396825396827,0.625,0.23874007936507935,True,35.0,3.0,1.0,0.0,23.28301334984861,0.0,15.418781725888325,25.412960609911057,21.664548919949176,4.701397712833545,16.39258046055608,18.39611243,32.46449694,6.647286822,698,20.618398,19.394649755455795,711,9.898477157360407,-13
2018-11-30,The Ultimate Fighter: Heavy Hitters Finale,0,4.076923076923077,0.3221474358974359,0.6923076923076923,0.21348667672197083,True,50.0,6.0,3.0,0.0,51.841547963115886,0.0,25.69796954314721,6.099110546378653,29.288437102922487,3.176620076238882,24.54916360655098,33.1758117,69.23935312,4.476744186,477,34.99958828,34.27162593801345,483,38.83248730964467,-6
2018-12-01,UFC Fight Night: Dos Santos vs. Tuivasa,0,6.083333333333333,0.4122289067142008,0.625,0.3995662901912902,True,31.0,7.0,3.0,0.0,43.34601224883017,0.0,62.69035532994924,16.772554002541295,21.664548919949176,40.27954256670902,32.80078378932988,68.98203533,51.51782436,7.713178295,369,41.96802527,42.36964750439174,365,53.80710659898477,4
2018-12-08,UFC 231: Holloway vs. Ortega,2,7.384615384615385,0.6384663947163947,1.6153846153846154,0.41507659007659015,True,100.0,11.0,4.0,2.0,87.33947649820466,81.40350877192982,80.6472081218274,87.29351969504448,93.32909783989834,46.25158831003812,80.65133213288475,73.18329601,74.48049407,6.511627907,86,68.03144493,70.236809389427,75,90.60913705583756,11
2018-12-15,UFC Fight Night: Lee vs. Iaquinta,0,7.875,0.5271418199163208,0.625,0.5007122507122507,True,39.0,5.0,2.0,0.0,37.35587840627581,0.0,86.16751269035532,51.84243964421855,21.664548919949176,77.89072426937739,44.4658950952288,46.6580594,32.64795491,3.604651163,438,37.65671442,38.26210000830525,420,46.827411167512686,18
2018-12-29,UFC 232: Jones vs. Gustafsson 2,2,8.461538461538462,0.6561539883888892,1.4615384615384615,0.553998778998779,True,70.0,9.0,3.0,2.0,73.67155398237752,81.40350877192982,90.22842639593908,90.72426937738246,88.81829733163914,89.32655654383736,83.77161437361517,95.30618061,76.39662888,5.0,27,75.6202401,76.80956069966298,28,96.57360406091371,-1
2019-01-19,UFC Fight Night: Cejudo vs. Dillashaw,1,6.346153846153846,0.4818550407741389,1.1153846153846154,0.4086573682727529,True,54.0,7.0,1.0,1.0,48.32304143973625,32.80701754385965,67.51269035532995,34.43456162642948,70.83862770012706,43.07496823379924,49.31041359625723,76.32936831,61.78239906,,148,61.33319023,58.96375452853148,173,78.1725888324873,-25
2019-02-02,UFC Fight Night: Assuncao vs. Moraes 2,0,5.461538461538462,0.5209143420681882,0.9615384615384616,0.4358324536462188,True,63.0,6.0,2.0,0.0,51.53444983484724,0.0,51.26903553299492,49.174078780177894,57.30622617534943,54.510800508259216,45.17675469000358,70.17317712,36.64097424,9.748062016,325,44.86076129,45.25522665820165,321,59.390862944162436,4
2019-02-09,UFC 234: Adesanya vs. Silva,0,4.5,0.5423701298701299,0.9545454545454546,0.4379841192675417,True,15.0,5.0,1.0,0.0,16.077656206991467,0.0,32.99492385786802,57.052096569250324,55.717916137229984,55.52731893265565,33.004212631678,69.94241736,73.82667224,2.054263566,271,49.95077924,47.016563879171876,302,61.8020304568528,-31
2019-02-17,UFC Fight Night: Ngannou vs. Velasquez,0,8.208333333333334,0.6871803087263614,1.0,0.4858338420838421,True,54.0,8.0,3.0,0.0,58.06029796311588,0.0,88.95939086294416,95.29860228716646,60.419313850063524,71.79161372299873,61.72373829017897,70.23575071,52.59951931,5.465116279,205,54.82951239,55.963190645782326,205,74.11167512690355,0
2019-02-23,UFC Fight Night: Blachowicz vs. Santos,0,5.884615384615385,0.4606782922959394,1.3076923076923077,0.36855921855921864,True,41.0,5.0,2.0,0.0,38.88266412056152,0.0,58.88324873096447,28.081321473951714,81.8297331639136,29.224904701397712,39.387488366000305,37.77925302,41.00703419,,399,40.07021077,39.39025314951127,407,48.47715736040609,-8
2019-03-02,UFC 235: Jones vs. Smith,2,8.166666666666666,0.7041049348161418,1.4583333333333333,0.5353936232612703,True,123.0,15.0,7.0,2.0,95.23577432369325,81.40350877192982,88.70558375634518,96.69631512071156,88.31003811944092,85.26048284625159,90.22336230316304,93.94975808,77.46088345,0.135658915,23,76.44636455,79.226653687555,17,97.96954314720813,6
2019-03-09,UFC Fight Night: Lewis vs. Dos Santos,0,8.153846153846153,0.5473890835266991,1.0769230769230769,0.43751526251526257,True,33.0,5.0,1.0,0.0,28.251763349848613,0.0,88.51522842639594,59.720457433290974,67.40787801778907,55.4002541296061,46.42166352594608,58.24955566,59.65357122,1.414728682,278,49.1858585,47.434126003735194,297,62.43654822335025,-19
2019-03-16,UFC Fight Night: Till vs. Masvidal,0,4.458333333333333,0.5753427128427129,1.375,0.40046296296296297,True,45.0,6.0,3.0,0.0,49.631726534544455,0.0,32.10659898477157,70.77509529860228,84.81575603557815,40.78780177890724,46.87745325406363,29.3378819,29.67253829,7.441860465,513,33.27308457,35.29010698516927,466,40.98984771573604,47
2019-03-23,UFC Fight Night: Thompson vs. Pettis,0,5.625,0.5468915343915345,1.0416666666666667,0.2755787037037037,True,75.0,9.0,3.0,0.0,67.3370836774016,0.0,54.441624365482234,59.21219822109276,64.16772554002542,8.132147395171538,46.234642476268554,44.07322952,50.62710025,6.143410853,378,41.23602256,42.716349173783534,356,54.9492385786802,22
2019-03-30,UFC Fight Night: Barboza vs. Gaethje,0,6.115384615384615,0.5261904761904762,0.7307692307692307,0.38385780885780885,True,46.0,6.0,2.0,0.0,44.904985549132945,0.0,63.57868020304569,51.334180432020325,33.92630241423126,34.30749682337992,39.112028046914695,36.93802661,36.7640644,9.360465116,491,34.48514549,35.14203943538077,468,40.736040609137056,23
2019-04-13,UFC 236: Holloway vs. Poirier 2,2,6.5,0.4871978505075672,1.1923076923076923,0.4673201798201798,True,63.0,6.0,2.0,2.0,59.31534871125173,81.40350877192982,69.41624365482234,35.95933926302414,76.17534942820838,66.2007623888183,63.87633310432794,66.02324746,72.84578469,4.282945736,154,60.60417496,60.362594874590854,157,80.20304568527918,-3
2019-04-20,UFC Fight Night: Overeem vs. Oleinik,0,4.0,0.4093073593073593,0.5909090909090909,0.4174242424242424,True,38.0,6.0,3.0,0.0,44.971012248830164,0.0,24.936548223350254,16.264294790343076,18.487928843710293,47.45870393900889,28.4919502861468,21.07721105,33.56944029,7.015503876,658,24.29191336,25.830110814027528,628,20.431472081218274,30
2019-04-27,UFC Fight Night: Jacare vs. Hermansson,0,8.307692307692308,0.47235296649889413,0.6538461538461539,0.49969960594960594,True,27.0,5.0,0.0,0.0,21.95089285714286,0.0,89.65736040609137,30.749682337992372,25.603557814485388,77.2554002541296,37.842507970920686,68.70512467,30.61850001,1.666666667,400,40.05070073,39.425417762923516,406,48.60406091370558,-6
2019-05-04,UFC Fight Night: Iaquinta vs. Cowboy,0,5.875,0.4759424603174603,0.625,0.3201178451178451,True,38.0,6.0,2.0,0.0,39.92284269199009,0.0,58.75634517766497,32.27445997458704,21.664548919949176,15.756035578144854,29.960047358645475,47.15486992,57.92677296,4.069767442,429,38.06224537,37.30655996277692,439,44.41624365482234,-10
2019-05-11,UFC 237: Namajunas vs. Andrade,1,8.583333333333334,0.5203692141192141,1.0,0.35703197945845,True,75.0,9.0,4.0,1.0,73.70574856883067,32.80701754385965,91.18020304568529,48.66581956797967,60.419313850063524,24.904701397712834,58.22851232739134,97.73207856,53.18878885,7.771317829,167,58.955127,60.76483828370002,153,80.71065989847716,14
2019-05-18,UFC Fight Night: Dos Anjos vs. Lee,0,7.115384615384615,0.5874592288053827,1.1923076923076923,0.42499461322990734,True,30.0,6.0,1.0,0.0,29.57319192127718,0.0,77.72842639593908,74.58703939008895,76.17534942820838,50.31766200762389,47.9051443874436,50.25935246,51.6133887,5.833333333,316,45.85264006,45.031702806724056,328,58.50253807106599,-12
2019-06-01,UFC Fight Night: Gustafsson vs. Smith,0,4.208333333333333,0.3973575036075036,0.5833333333333334,0.3051587301587302,True,38.0,5.0,2.0,0.0,36.75319983484724,0.0,28.17258883248731,14.485387547649301,17.598475222363405,12.07115628970775,21.151825055363258,40.57086009,51.85344921,0.23255814,543,30.89461815,30.0864433854671,566,28.299492385786802,-23
2019-06-08,UFC 238: Cejudo vs. Moraes,2,8.038461538461538,0.6343010484139515,2.076923076923077,0.39055316664012324,True,188.0,19.0,9.0,2.0,97.62018459069022,81.40350877192982,87.6269035532995,85.5146124523507,98.34815756035579,36.594663278271916,83.81435376347615,71.65020901,43.61559759,6.627906977,163,59.70517388,64.57587088089903,121,84.77157360406092,42
2019-06-22,UFC Fight Night: Moicano vs. The Korean Zombie,0,4.0,0.5579365079365078,0.9090909090909091,0.3727272727272727,True,26.0,4.0,2.0,0.0,25.57016412056152,0.0,24.936548223350254,64.29479034307496,50.76238881829733,30.1143583227446,31.48618123521386,20.34791408,26.36264245,8.624031008,645,25.12789925,25.622368905598375,633,19.796954314720814,12
2019-06-29,UFC Fight Night: Ngannou vs. Dos Santos,0,6.666666666666667,0.5181524417245565,1.0,0.4544642857142856,True,47.0,4.0,1.0,0.0,32.939263349848616,0.0,71.89086294416244,47.77636594663278,60.419313850063524,60.2287166454892,43.5259153190433,68.53409831,64.41226643,7.65503876,233,52.87420329,50.03562516555992,267,66.24365482233503,-34
2019-07-06,UFC 239: Jones vs. Santos,2,8.458333333333334,0.620628261593552,1.5416666666666667,0.4696148758648759,True,108.0,10.0,4.0,2.0,87.51804792677609,81.40350877192982,90.03807106598984,82.71918678526048,91.42312579415503,66.83608640406608,83.994211413029,97.03890283,85.72139477,4.76744186,13,78.09393172,79.32134690799334,16,98.09644670050761,-3
2019-07-13,UFC Fight Night: De Randamie vs. Ladd,0,5.083333333333333,0.6356646825396826,1.0833333333333333,0.2974206349206349,True,38.0,5.0,2.0,0.0,36.75319983484724,0.0,43.210659898477154,86.27700127064803,68.55146124523507,11.181702668360865,40.31687546203513,31.16340872,39.67077599,7.810077519,484,34.66297089,34.91029110063616,472,40.22842639593909,12
2019-07-20,UFC Fight Night: Dos Anjos vs. Edwards,0,8.538461538461538,0.44419248622035,0.6153846153846154,0.4352194280078896,True,66.0,10.0,4.0,0.0,69.45143476465731,0.0,90.7994923857868,24.269377382465056,20.266836086404066,54.00254129606099,47.342785030497566,72.10943318,62.86644725,1.472868217,265,50.36784631,51.61966163032888,254,67.89340101522842,11
2019-07-27,UFC 240: Holloway vs. Edgar,1,5.863636363636363,0.5433600545260625,0.6363636363636364,0.44044276801629745,True,62.0,5.0,2.0,1.0,50.94054935330631,32.80701754385965,58.37563451776649,57.68742058449809,23.44345616264295,56.5438373570521,47.32219606920659,72.34926137,73.6132546,6.472868217,195,56.28107628,54.52725052693503,223,71.8274111675127,-28
2019-08-03,UFC Fight Night: Covington vs. Lawler,0,6.541666666666667,0.5103790782960986,0.8333333333333334,0.37298320587794276,True,36.0,6.0,2.0,0.0,39.038914120561515,0.0,70.17766497461929,45.10800508259212,45.04447268106734,30.495552731893266,38.42727160199254,52.39910432,57.93580375,4.689922481,348,43.0863224,42.41921696041657,363,54.06091370558376,-15
2019-08-10,UFC Fight Night: Shevchenko vs. Carmouche 2,1,4.115384615384615,0.45134587634587636,0.7307692307692307,0.27554945054945057,True,65.0,8.0,3.0,1.0,64.69407605300353,32.80701754385965,26.776649746192895,25.794155019059723,33.92630241423126,8.005082592121983,37.23151184006623,24.33494725,41.55325568,0.833333333,576,29.41273852,31.70523342433047,531,32.74111675126903,45
2019-08-17,UFC 241: Cormier vs. Miocic 2,1,6.791666666666667,0.6766407279314888,1.3333333333333333,0.5020983645983645,True,97.0,9.0,4.0,1.0,79.17003428311638,32.80701754385965,72.84263959390863,93.64675984752223,82.71918678526048,78.52604828462516,74.22684157265958,92.43829465,79.99672785,5.213178295,50,72.02610051,72.60136990292341,55,93.1472081218274,-5
2019-08-31,UFC Fight Night: Andrade vs. Zhang,1,2.772727272727273,0.35616391184573004,1.0,0.2265594254230618,True,36.0,5.0,2.0,1.0,38.8467993533063,32.80701754385965,12.5,8.640406607369759,60.419313850063524,3.8119440914866582,28.199055298981033,15.56574944,48.00623459,2.61627907,618,27.04294975,27.219029831131277,612,22.461928934010153,6
2019-09-07,UFC 242: Khabib vs. Poirier,1,6.923076923076923,0.6176337551337551,1.9230769230769231,0.47698477992595634,True,87.0,9.0,4.0,1.0,77.40217714025924,32.80701754385965,75.1269035532995,82.0838627700127,97.33163913595934,69.12325285895807,73.12682776277028,47.73107928,80.95188226,74.12403101,69,69.7948401,69.36099541067433,82,89.72081218274111,-13
2019-09-14,UFC Fight Night: Cowboy vs. Gaethje,0,6.125,0.47580538844325604,0.5,0.4833505866114562,True,44.0,9.0,4.0,0.0,59.15679190751446,0.0,63.89593908629442,32.14739517153748,11.753494282083862,70.90216010165184,42.76489598207381,56.16311794,54.48850449,0.600775194,361,42.45453556,44.07528660575395,334,57.74111675126904,27
2019-09-21,UFC Fight Night: Rodriguez vs. Stephens,0,5.583333333333333,0.35526013338513335,0.16666666666666666,0.2671626984126984,True,59.0,9.0,3.0,0.0,61.79244082025874,0.0,53.236040609137056,8.259212198221093,0.7623888182973316,7.242693773824651,28.26777920200484,46.22714465,45.44664297,8.972868217,525,32.65581092,34.06869853102223,489,38.07106598984771,36
2019-09-28,UFC Fight Night: Hermansson vs. Cannonier,0,5.653846153846154,0.41356757277809914,0.6923076923076923,0.438535076035076,True,27.0,4.0,2.0,0.0,26.494271263418664,0.0,55.01269035532995,17.407878017789074,29.288437102922487,55.781448538754766,29.99694494109708,32.67905247,26.92853283,9.92248062,606,27.62687395,27.904511500904658,603,23.604060913705585,3
2019-10-05,UFC 243: Whittaker vs. Adesanya,1,3.8636363636363638,0.3325678109769019,0.9090909090909091,0.27030040666404304,True,44.0,5.0,2.0,1.0,43.82894221044916,32.80701754385965,22.715736040609137,6.734434561626429,50.76238881829733,7.6238881829733165,30.03876778376597,33.77225975,69.98375714,3.856589147,422,38.37555935,37.02981581103235,443,43.90862944162436,-21
2019-10-12,UFC Fight Night: Joanna vs. Waterson,0,5.857142857142857,0.5794921814879798,1.0,0.385218253968254,True,43.0,4.0,2.0,0.0,36.65944983484724,0.0,57.99492385786802,72.55400254129606,60.419313850063524,34.81575603557815,42.60759443032698,46.64525884,41.44513731,7.364341085,396,40.20905065,39.71581469945041,400,49.36548223350254,-4
2019-10-18,UFC Fight Night: Reyes vs. Weidman,0,5.615384615384615,0.43421738517892366,0.6923076923076923,0.37957875457875456,True,34.0,5.0,2.0,0.0,34.583556977704376,0.0,54.06091370558376,22.109275730622617,29.288437102922487,32.401524777636595,29.675488277658477,58.64712996,52.13865183,6.744186047,404,39.68077137,38.6980152062229,415,47.46192893401015,-11
2019-10-26,UFC Fight Night: Maia vs. Askren,0,6.181818181818182,0.5145644759281122,0.8636363636363636,0.3676111767020858,True,16.0,4.0,2.0,0.0,18.699628406275806,0.0,65.03807106598984,46.75984752223634,47.39517153748412,28.716645489199493,31.917251507970114,32.7908456,37.39295687,2.926356589,552,30.56646248,30.41500789596625,559,29.187817258883246,-7
2019-11-02,UFC 244: Masvidal vs. Diaz,0,9.833333333333334,0.7485070675042785,1.75,0.5459843533372944,True,125.0,16.0,7.0,0.0,87.91916116157446,0.0,95.81218274111674,99.49174078780177,95.1715374841169,87.80177890724269,79.33456193731128,89.25216215,54.91304326,83.01973221,29,75.19439195,76.51221690236319,29,96.44670050761421,0
2019-11-09,UFC Fight Night: Zabit vs. Kattar,0,4.384615384615385,0.4803841457687611,0.6923076923076923,0.3038267288267288,True,25.0,3.0,1.0,0.0,15.970513349848611,0.0,30.96446700507614,33.7992376111817,29.288437102922487,11.689961880559085,19.595048508918104,9.183518431,32.86848895,7.69379845,703,20.14436542,19.034543782922327,714,9.517766497461928,-11
2019-11-16,UFC Fight Night: Blachowicz vs. Jacare,0,7.791666666666667,0.4520026448623417,0.7916666666666666,0.41304690679690675,True,15.0,3.0,0.0,0.0,7.058035714285714,0.0,85.21573604060913,25.921219822109276,40.47013977128336,45.36213468869123,29.693102959462735,73.99879313,31.41139787,,341,43.73469886,40.943410423725396,380,51.90355329949239,-39
2019-12-07,UFC Fight Night: Overeem vs. Rozenstruik,0,7.041666666666667,0.5789416601916602,0.9166666666666666,0.3859508547008547,True,61.0,9.0,4.0,0.0,65.90679190751446,0.0,76.33248730964468,72.42693773824651,51.96950444726811,35.19695044472681,52.8016607638384,47.66632756,33.83462278,7.38372093,401,39.95378937,42.95734511916566,353,55.32994923857868,48
2019-12-14,UFC 245: Usman vs. Covington,3,8.538461538461538,0.6860507139918905,2.4615384615384617,0.4162704942116707,True,199.0,18.0,8.0,3.0,99.70669292023493,98.7719298245614,90.7994923857868,94.91740787801778,99.74587039390089,46.75984752223634,90.25124459670093,92.08024842,56.58828489,2.403100775,62,70.11889809,74.46295992018243,41,94.9238578680203,21
2019-12-21,UFC Fight Night: Edgar vs. The Korean Zombie,0,4.115384615384615,0.5686355311355311,0.9230769230769231,0.41776018099547507,True,55.0,6.0,3.0,0.0,53.930833677401594,0.0,26.776649746192895,68.23379923761118,53.176620076238876,47.77636594663278,43.614131004155084,61.07967316,65.13718897,2.713178295,287,48.5278174,48.10152776001134,288,63.57868020304569,-1
2020-01-18,UFC 246: McGregor vs. Cowboy,0,8.090909090909092,0.5555026821069602,0.9090909090909091,0.44870208294121333,True,62.0,8.0,3.0,0.0,60.712083677401594,0.0,88.07106598984772,63.27827191867853,50.76238881829733,58.95806861499364,54.76339645107489,93.08254682,56.96918689,68.03382664,102,65.75530545,65.00592644769445,118,85.15228426395939,-16
2020-01-25,UFC Fight Night: Blaydes vs. Dos Santos,0,6.875,0.45490435490435494,0.7916666666666666,0.25720899470899466,True,44.0,6.0,2.0,0.0,44.021056977704376,0.0,74.36548223350253,26.429479034307494,40.47013977128336,6.353240152477764,33.87288486013127,68.75501017,54.89967629,9.399224806,328,44.52661628,43.725480537460385,340,56.97969543147208,-12
2020-02-08,UFC 247: Jones vs. Reyes,2,5.75,0.5203823953823954,1.4166666666666667,0.34291959867617755,True,86.0,7.0,3.0,2.0,74.06887541094895,81.40350877192982,56.598984771573605,48.792884371029224,86.27700127064803,21.601016518424395,63.4749380217894,75.84241142,85.64445118,3.759689922,106,65.22227517,65.10155025422313,116,85.40609137055839,-10
2020-02-15,UFC Fight Night: Anderson vs. Blachowicz,0,8.0,0.48975452684966847,0.7692307692307693,0.42661227661227663,True,47.0,9.0,2.0,0.0,51.9228426919901,0.0,87.11928934010153,37.73824650571792,37.73824650571792,51.08005082592122,45.49146945244123,58.73917416,39.8289037,,308,46.79165899,47.34561453035885,299,62.182741116751274,9
2020-02-22,UFC Fight Night: Felder vs. Hooker,0,4.958333333333333,0.5445156695156695,0.6666666666666666,0.3834490740740741,True,29.0,4.0,1.0,0.0,22.131227635562894,0.0,41.307106598984774,58.449809402795424,26.55654383735705,34.18043202033037,29.108513150994337,7.590461275,33.22090181,8.042635659,660,23.75100613,23.172679494057395,661,16.243654822335024,-1
2020-02-29,UFC Fight Night: Benavidez vs. Figueiredo,0,3.0833333333333335,0.41762566137566143,0.7083333333333334,0.3708333333333333,True,28.0,2.0,1.0,0.0,16.550870492705755,0.0,14.340101522842641,18.55146124523507,31.067344345616267,29.60609911054638,18.064362019205376,11.90676612,48.41972553,9.573643411,647,24.95760593,22.538799032934474,667,15.48223350253807,-20
2020-03-07,UFC 248: Adesanya vs. Romero,2,6.7272727272727275,0.6597305472305472,1.3181818181818181,0.35718877082513445,True,57.0,4.0,2.0,2.0,50.547491568394584,81.40350877192982,72.5253807106599,91.74078780177891,82.14739517153748,25.158831003811944,64.58087395487891,74.80085048,68.24842475,3.255813953,141,62.35363267,61.5036239651443,148,81.34517766497463,-7
2020-03-14,UFC Fight Night: Lee vs. Oliveira,0,9.916666666666666,0.6288252089159347,1.0833333333333333,0.515893308080808,True,60.0,8.0,4.0,0.0,63.38000619322874,0.0,96.19289340101524,84.62515883100382,68.55146124523507,81.44853875476493,65.32852917045129,56.58510145,52.85990133,6.957364341,232,53.09882428,54.8247604641076,220,72.20812182741116,12
2020-05-09,UFC 249: Ferguson vs. Gaethje,2,11.272727272727273,0.7245994766738254,1.7727272727272727,0.6996875873358086,True,108.0,12.0,4.0,2.0,89.23679792677609,81.40350877192982,98.79441624365482,98.72935196950444,95.42566709021601,99.23761118170266,93.07371711401392,97.5921146,64.6803582,0.503875969,28,75.5118812,78.5642414853464,20,97.58883248730965,8
2020-05-13,UFC Fight Night: Smith vs. Teixeira,0,9.4,0.5469906482406482,0.75,0.42197248829601774,True,22.0,4.0,1.0,0.0,16.70712049270575,0.0,95.17766497461929,59.46632782719187,36.0864040660737,49.428208386277,38.63434088339439,82.0358927,55.09043445,2.38372093,263,50.50287981,48.17796087236142,286,63.83248730964467,-23
2020-05-16,UFC Fight Night: Overeem vs. Harris,0,8.818181818181818,0.5335967656823272,1.1818181818181819,0.4500901875901876,True,26.0,4.0,1.0,0.0,20.00176334984861,0.0,93.1472081218274,53.62134688691233,74.90470139771284,59.339263024142305,45.34228172523787,51.61622635,31.36297176,8.391472868,394,40.54657437,39.95202046460942,396,49.87309644670051,-2
2020-05-30,UFC Fight Night: Woodley vs. Burns,0,4.5,0.6435231435231435,0.8181818181818182,0.33033254624163716,True,55.0,7.0,3.0,0.0,56.36386939168732,0.0,32.99492385786802,87.92884371029224,43.58322744599746,18.55146124523507,42.53734469382119,36.11521203,57.3793456,5.736434109,397,40.14160056,40.70962464865775,386,51.14213197969543,11
2020-06-06,UFC 250: Nunes vs. Spencer,1,9.0,0.687659386179123,1.5416666666666667,0.5419402356902356,True,82.0,8.0,3.0,1.0,70.27889748157494,32.80701754385965,93.78172588832487,95.42566709021601,91.42312579415503,86.78526048284625,77.11486079638874,62.85142963,51.36820121,50.69767442,112,64.64544785,65.67092219313882,109,86.29441624365482,3
2020-06-13,UFC Fight Night: Eye vs. Calvillo,0,4.25,0.37689393939393934,0.5,0.20458333333333334,True,15.0,1.0,0.0,0.0,3.732142857142857,0.0,28.680203045685282,11.181702668360865,11.753494282083862,3.0495552731893265,8.772736594847565,6.19464485,14.23252822,9.379844961,767,10.37679885,9.46742140512988,767,2.7918781725888326,0
2020-06-20,UFC Fight Night: Blaydes vs. Volkov,0,8.666666666666666,0.532626863876864,0.7916666666666666,0.4123511904761905,True,76.0,9.0,4.0,0.0,71.0496490503716,0.0,92.25888324873097,53.24015247776366,40.47013977128336,44.5997458703939,53.59454370665554,52.73904434,36.1784446,8.895348837,364,42.34826713,45.10487255556155,326,58.75634517766497,38
2020-06-27,UFC Fight Night: Poirier vs. Hooker,0,5.0,0.4983982683982684,0.55,0.4325910364145658,True,24.0,2.0,1.0,0.0,13.015156206991467,0.0,41.878172588832484,41.16899618805591,15.247776365946633,52.98602287166455,25.08388238412738,37.63700915,59.29083055,7.480620155,448,36.77427825,33.6107726461986,497,37.055837563451774,-49
2020-07-11,UFC 251: Usman vs. Masvidal,3,6.8076923076923075,0.5720966533466534,1.8076923076923077,0.3833076237488002,True,123.0,10.0,4.0,3.0,91.25610972452891,98.7719298245614,72.96954314720813,69.6315120711563,95.67979669631512,33.92630241423126,79.31390469884478,89.14779267,69.37733659,30.9496124,48,72.48888607,74.4548858386686,43,94.67005076142132,5
2020-07-15,UFC Fight Night: Kattar vs. Ige,0,3.8636363636363638,0.37610722610722613,0.8181818181818182,0.3159090909090909,True,20.0,4.0,1.0,0.0,15.341049064134324,0.0,22.715736040609137,11.054637865311308,43.58322744599746,14.612452350698856,17.477562237606644,14.0926837,28.67441619,2.635658915,722,18.11734299,17.712006496599056,720,8.756345177664974,2
2020-07-18,UFC Fight Night: Figueiredo vs. Benavidez 2,1,4.791666666666667,0.5372598162071847,0.7916666666666666,0.34980158730158734,True,69.0,6.0,3.0,1.0,61.6092546244321,32.80701754385965,38.00761421319797,55.52731893265565,40.47013977128336,22.490470139771286,44.98513487143714,29.58634348,49.13154583,9.224806202,434,37.80193802,38.93357830926109,410,48.09644670050762,24
2020-07-25,UFC Fight Night: Whittaker vs. Till,0,6.9,0.5269912749788911,0.5666666666666667,0.3789033189033189,True,47.0,6.0,2.0,0.0,45.22641412056152,0.0,74.74619289340102,51.715374841168995,16.010165184243967,31.893265565438373,37.97902402396379,78.79478295,52.82327519,7.57751938,298,47.89733681,47.184075779823345,301,61.92893401015228,-3
2020-08-01,UFC Fight Night: Brunson vs. Shahbazyan,0,6.0,0.43871640512265514,0.9375,0.3205492424242424,True,43.0,5.0,2.0,0.0,40.208556977704376,0.0,61.29441624365482,22.998729351969505,54.38373570520966,16.010165184243967,33.718753601222225,20.71024611,36.14065678,9.457364341,589,28.58641575,28.963561726462224,585,25.888324873096447,4
2020-08-08,UFC Fight Night: Lewis vs. Oleinik,0,6.333333333333333,0.49870319738740787,0.9166666666666666,0.33420364357864357,True,33.0,5.0,1.0,0.0,28.251763349848613,0.0,67.25888324873097,41.42312579415502,51.96950444726811,19.567979669631512,33.706258047324575,56.82528248,50.1849749,4.515503876,382,40.96265703,39.498685712969305,403,48.984771573604064,-21
2020-08-15,UFC 252: Miocic vs. Cormier 3,1,7.590909090909091,0.4996803441656383,0.6818181818181818,0.44105793196702286,True,49.0,7.0,2.0,1.0,51.48072792473488,32.80701754385965,83.81979695431471,41.67725540025413,27.890724269377383,56.670902160101654,49.44541586332752,93.66711548,76.88498627,4.341085271,146,62.02238633,60.70046220923066,154,80.58375634517766,-8
2020-08-22,UFC Fight Night: Munhoz vs. Edgar,0,3.8125,0.38104166666666667,0.4375,0.3538602941176471,True,11.0,1.0,0.0,0.0,2.6875000000000004,0.0,22.27157360406091,11.689961880559085,7.687420584498093,24.269377382465056,10.03481668322164,63.24069566,56.91644996,7.848837209,459,35.83947824,31.835471431581954,529,32.99492385786802,-70
2020-08-29,UFC Fight Night: Smith vs. Rakic,0,7.45,0.47766858141858143,0.4,0.39879662004662003,True,26.0,5.0,2.0,0.0,29.119271263418664,0.0,81.7258883248731,33.16391359593393,5.781448538754765,39.7712833545108,31.197736112995763,62.07463971,30.04186781,8.662790698,472,35.18734503,35.48286933617805,465,41.11675126903553,7
2020-09-05,UFC Fight Night: Overeem vs. Sakai,0,5.5,0.5681972789115647,0.5,0.43647186147186146,True,32.0,4.0,2.0,0.0,29.74873554913295,0.0,51.649746192893396,67.97966963151208,11.753494282083862,54.76493011435832,34.98531829565856,52.37422522,40.66733392,6.240310078,436,37.78279081,37.18642043460294,441,44.16243654822335,-5
2020-09-12,UFC Fight Night: Waterson vs. Hill,0,5.458333333333333,0.5294567700817701,0.75,0.39464285714285713,True,29.0,6.0,3.0,0.0,39.46654796311588,0.0,51.14213197969543,52.477763659466326,36.0864040660737,38.246505717916136,36.753357148175986,13.73439163,15.56683312,5.930232558,689,21.05195117,23.945836988960956,652,17.385786802030456,37
2020-09-19,UFC Fight Night: Covington vs. Woodley,0,6.178571428571429,0.49439112474826763,0.6428571428571429,0.43913043478260866,True,40.0,7.0,3.0,0.0,48.649583677401594,0.0,64.84771573604061,39.898348157560356,24.52350698856417,56.16264294790343,40.55538503943008,60.29066265,51.9402285,2.53875969,351,42.93153332,43.60014914013784,342,56.7258883248731,9
2020-09-26,UFC 253: Adesanya vs. Costa,2,5.5,0.629024738702158,1.5909090909090908,0.30766214779372675,True,86.0,8.0,4.0,2.0,79.55822649820466,81.40350877192982,51.649746192893396,84.75222363405337,92.82083862770013,12.579415501905972,69.11627053144898,60.10535137,64.59987681,2.771317829,180,57.32765301,59.50576642696653,167,78.93401015228426,13
2020-10-03,UFC Fight Night: Holm vs. Aldana,0,4.045454545454546,0.36854338842975204,0.36363636363636365,0.22413419913419919,True,51.0,4.0,2.0,0.0,40.63712840627581,0.0,25.50761421319797,10.419313850063533,4.320203303684879,3.6848792884371027,18.34162001363643,55.75197561,44.00742699,27.66384778,482,34.73301129,33.150598556272755,502,36.421319796954315,-20
2020-10-10,UFC Fight Night: Moraes vs. Sandhagen,0,3.769230769230769,0.5034563262824133,0.7307692307692307,0.3153846153846154,True,29.0,3.0,1.0,0.0,19.184799064134324,0.0,21.065989847715734,42.69377382465057,33.92630241423126,14.104193138500634,21.406076010754045,19.23785578,29.68408145,9.631782946,673,22.61123284,21.57279945014686,683,13.451776649746192,-10
2020-10-17,UFC Fight Night: Ortega vs. The Korean Zombie,0,4.863636363636363,0.4921282149223325,0.6363636363636364,0.4990702479338843,True,42.0,4.0,1.0,0.0,30.528549064134324,0.0,39.78426395939086,38.37357052096569,23.44345616264295,77.0012706480305,34.1629232999845,58.05046087,52.05026071,7.30620155,353,42.83944242,40.667723620592874,388,50.888324873096444,-35
2020-10-24,UFC 254: Khabib vs. Gaethje,1,7.416666666666667,0.5219135048599816,1.5416666666666667,0.5610771173271173,True,91.0,8.0,3.0,1.0,72.93068319586067,32.80701754385965,81.09137055837563,50.06353240152478,91.42312579415503,90.47013977128336,70.29893100844598,69.63420905,74.83754757,77.20542636,43,72.98422919,71.84183735628514,59,92.63959390862944,-16
2020-10-31,UFC Fight Night: Hall vs. Silva,0,6.090909090909091,0.4196857490335751,0.8181818181818182,0.3069136745607333,True,7.0,2.0,0.0,0.0,2.616071428571429,0.0,63.07106598984772,19.05972045743329,43.58322744599746,12.452350698856417,20.128112471470313,72.85876749,60.0804491,4.302325581,355,42.77223034,38.93579194477635,409,48.223350253807105,-54
2020-11-07,UFC Fight Night: Santos vs. Teixeira,0,7.9,0.5695545866131604,1.35,0.42107753357753364,True,48.0,4.0,2.0,0.0,38.86927126341866,0.0,86.29441624365482,68.61499364675984,83.73570520965693,49.04701397712834,51.937679449833595,63.87441332,62.64978613,6.007751938,222,54.07459839,52.327431619723455,248,68.65482233502537,-26
2020-11-14,UFC Fight Night: Felder vs. Dos Anjos,0,5.888888888888889,0.44657992071785174,0.3888888888888889,0.30787037037037035,True,9.0,1.0,0.0,0.0,2.004464285714286,0.0,59.13705583756346,24.650571791613725,5.463786531130877,12.706480304955528,14.875444510851189,48.21143462,49.0915487,8.856589147,526,32.43370882,29.135019720091545,582,26.269035532994923,-56
2020-11-21,UFC 255: Figueiredo vs. Perez,2,6.625,0.5480251230251231,1.2083333333333333,0.46958874458874456,True,112.0,11.0,5.0,2.0,90.97138366858726,81.40350877192982,71.31979695431471,59.974587039390094,77.2554002541296,66.70902160101652,77.22413914748549,68.83538013,44.51543876,8.701550388,182,57.15588736,61.33043920244332,151,80.96446700507614,31
2020-11-28,UFC Fight Night: Smith vs. Clark,0,3.25,0.365,0.45,0.29375,True,10.0,1.0,0.0,0.0,2.4464285714285716,0.0,15.736040609137056,9.783989834815756,8.57687420584498,10.673443456162643,7.001777306263033,16.28683214,29.05430046,0.445736434,738,14.99748288,13.240440376280995,748,5.203045685279188,-10
2020-12-05,UFC Fight Night: Hermansson vs. Vettori,0,7.6875,0.5729581131695102,0.5,0.4947000915750916,True,16.0,3.0,1.0,0.0,10.184799064134324,0.0,84.39086294416244,69.8856416772554,11.753494282083862,75.60355781448538,36.884137659758494,45.16605907,23.72627273,9.263565891,507,33.66735977,33.04937290858891,504,36.16751269035533,3
2020-12-12,UFC 256: Figueiredo vs. Moreno,1,8.9,0.6529625244037007,1.85,0.591788260758849,True,70.0,9.0,3.0,1.0,68.86818319586067,32.80701754385965,93.52791878172589,89.70775095298602,95.87039390088945,94.40914866581956,77.54556713709748,87.35134327,53.17535199,1.492248062,111,64.72870267,66.73605864646484,98,87.69035532994924,13
2020-12-19,UFC Fight Night: Thompson vs. Neal,0,6.583333333333333,0.47460839598997495,1.0,0.37926587301587306,True,56.0,10.0,4.0,0.0,66.07643476465731,0.0,70.93908629441624,31.639135959339264,60.419313850063524,32.27445997458704,47.161009880374046,82.38234317,51.43984353,7.53875969,267,50.17815938,51.88882158797206,251,68.2741116751269,16
2021-01-16,UFC Fight Night: Holloway vs. Kattar,0,6.95,0.49652322954113226,0.9,0.5513807189542483,True,25.0,2.0,1.0,0.0,13.939263349848611,0.0,75.38071065989847,40.66073697585769,50.06353240152478,89.07242693773824,39.90661598145727,80.45702054,63.53521237,6.996124031,219,54.29458789,50.73494699477035,261,67.00507614213198,-42
2021-01-20,UFC Fight Night: Chiesa vs. Magny,0,4.571428571428571,0.39195358644116407,0.6428571428571429,0.3500200080032013,True,43.0,7.0,3.0,0.0,50.859405105973025,0.0,34.58121827411168,13.850063532401524,24.52350698856417,22.744599745870396,28.655735927524596,14.95477556,45.53177876,8.023255814,630,26.09817774,27.291006058461317,610,22.715736040609137,20
2021-01-23,UFC 257: Poirier vs. McGregor,0,8.636363636363637,0.6167665503139811,0.8181818181818182,0.356024531024531,True,88.0,11.0,4.0,0.0,77.50947047894302,0.0,91.94162436548223,81.8297331639136,43.58322744599746,24.52350698856417,57.11577401863695,73.65015156,71.93994734,78.58174771,96,66.72719153,66.161252577573,103,87.05583756345177,-7
2021-02-06,UFC Fight Night: Overeem vs. Volkov,0,7.75,0.5100515678353115,0.875,0.3323434667184667,True,67.0,7.0,3.0,0.0,60.421905105973025,0.0,84.58121827411168,44.85387547649301,48.60228716645489,19.186785260482846,45.73795479664785,78.37203196,42.09171672,6.821705426,306,47.1635259,48.22365445865801,285,63.95939086294417,21
2021-02-13,UFC 258: Usman vs. Burns,1,6.35,0.5616215728715729,1.75,0.5366666666666667,True,49.0,7.0,3.0,1.0,56.52889748157495,32.80701754385965,67.76649746192894,65.69250317662008,95.1715374841169,85.64167725540025,65.54976185354211,43.59845375,71.59574727,30.29069767,171,58.55822646,58.52468444402937,181,77.15736040609137,-10
2021-02-20,UFC Fight Night: Blaydes vs. Lewis,0,6.166666666666667,0.5532215180652681,1.0416666666666667,0.4385903996101364,True,51.0,5.0,2.0,0.0,44.186235549132945,0.0,64.65736040609137,62.26175349428208,64.16772554002542,56.03557814485387,47.85300912667527,58.65298663,61.80741358,3.507751938,269,50.0704333,48.86444743827062,279,64.72081218274111,-10
2021-02-27,UFC Fight Night: Rozenstruik vs. Gane,0,6.555555555555555,0.5484265734265734,1.3333333333333333,0.5408068783068782,True,49.0,6.0,3.0,0.0,51.118333677401594,0.0,70.55837563451777,60.35578144853876,82.71918678526048,86.53113087674714,57.358526567529466,27.93632418,31.45661151,8.236434109,426,38.18522592,40.275011483763556,392,50.380710659898476,34
2021-03-06,UFC 259: Blachowicz vs. Adesanya,3,7.166666666666667,0.6500396825396825,2.2666666666666666,0.379026159026159,True,146.0,15.0,4.0,3.0,95.23378829595748,98.7719298245614,78.2994923857868,88.9453621346887,98.98348157560356,32.02033036848793,84.15301996926523,83.16511362,69.04080271,,12,78.48001945,80.21743419829112,9,98.98477157360406,3
2021-03-13,UFC Fight Night: Edwards vs. Muhammad,0,6.346153846153846,0.4827152014652015,0.9230769230769231,0.3424381174381174,True,35.0,6.0,2.0,0.0,38.51659269199009,0.0,67.51269035532995,34.9428208386277,53.176620076238876,21.47395171537484,36.34982942557702,16.8692496,39.21485455,4.418604651,586,28.70674042,29.50128491386543,572,27.53807106598985,14
2021-03-20,UFC Fight Night: Brunson vs. Holland,0,4.8,0.5171988795518208,1.45,0.4748214285714286,True,27.0,4.0,2.0,0.0,26.494271263418664,0.0,38.19796954314721,47.522236340533674,87.4841168996188,68.36086404066074,41.76740753438006,16.50665027,43.77985691,3.003875969,518,33.0113108,32.77642664231483,508,35.659898477157356,10
2021-03-27,UFC 260: Miocic vs. Ngannou,1,5.65,0.5227637721755369,0.5,0.5429761904761905,True,47.0,5.0,2.0,1.0,45.03429935330631,32.80701754385965,54.82233502538071,50.57179161372299,11.753494282083862,87.16645489199492,46.70724287597779,84.8864356,82.03290168,4.089147287,150,60.95197386,58.61650065324978,178,77.53807106598984,-28
2021-04-10,UFC Fight Night: Vettori vs. Holland,0,6.653846153846154,0.611523693025241,1.0,0.4722985347985348,True,43.0,6.0,3.0,0.0,48.42636939168731,0.0,71.7005076142132,80.17789072426937,60.419313850063524,67.5984752223634,53.713377055033526,27.91056205,29.84322697,1.744186047,469,35.33754233,37.58840563441542,434,45.0507614213198,35
2021-04-17,UFC Fight Night: Whittaker vs. Gastelum,0,6.85,0.4851586771072065,0.55,0.37923874371242794,True,23.0,2.0,1.0,0.0,12.372299064134324,0.0,73.85786802030458,35.57814485387548,15.247776365946633,32.14739517153748,25.668055536873283,67.64135039,59.74685572,2.26744186,345,43.42371484,40.059455077161715,394,50.1269035532995,-49
2021-04-24,UFC 261: Usman vs. Masvidal 2,3,6.923076923076923,0.4614987351829457,1.3461538461538463,0.387677920370228,True,115.0,10.0,5.0,3.0,92.19605260919721,98.7719298245614,75.1269035532995,28.208386277001267,83.35451080050827,35.57814485387548,72.6043983260536,91.50984842,77.26683472,24.08914729,54,71.19522325,72.93780824978467,53,93.4010152284264,1
2021-05-01,UFC Fight Night: Reyes vs. Prochazka,0,5.863636363636363,0.48297608823924615,1.0,0.2388888888888889,True,35.0,7.0,3.0,0.0,45.997797963115886,0.0,58.37563451776649,35.19695044472681,60.419313850063524,4.8284625158831,36.03418997491636,28.01145601,31.41027272,8.217054264,594,28.39668811,30.470213135461528,557,29.441624365482234,37
2021-05-08,UFC Fight Night: Rodriguez vs. Waterson,0,8.0,0.6788780663780664,0.5,0.46348005385729174,True,19.0,4.0,2.0,0.0,20.26659269199009,0.0,87.11928934010153,93.90088945362135,11.753494282083862,64.67598475222364,42.12292990352128,58.5268896,15.44679654,8.294573643,464,35.47236978,36.48021607071979,450,43.02030456852792,14
2021-05-15,UFC 262: Oliveira vs. Chandler,1,8.125,0.5345174501424501,1.0833333333333333,0.4909391534391534,True,85.0,10.0,5.0,1.0,80.23944145349898,32.80701754385965,88.19796954314721,54.00254129606099,68.55146124523507,74.4599745870394,68.59448742619762,55.85718963,58.95900483,5.562015504,207,54.79146072,57.369228547650906,189,76.14213197969542,18
2021-05-22,UFC Fight Night: Font vs. Garbrandt,0,5.208333333333333,0.4699505559799677,0.9166666666666666,0.3370535714285714,True,70.0,7.0,3.0,0.0,61.62726224883017,0.0,46.00253807106599,30.1143583227446,51.96950444726811,20.20330368487929,39.24873730828317,36.92014039,44.12731007,7.519379845,466,35.43083135,36.63679624751026,448,43.2741116751269,18
2021-06-05,UFC Fight Night: Rozenstruik vs. Sakai,0,5.8076923076923075,0.5679093342554882,0.6923076923076923,0.49483363858363855,True,30.0,4.0,2.0,0.0,28.42284269199009,0.0,57.5507614213198,67.72554002541295,29.288437102922487,75.73062261753493,40.76820337100365,20.12130859,17.93895665,1.627906977,632,26.00359134,27.289422601161682,611,22.588832487309645,21
2021-06-12,UFC 263: Adesanya vs. Vettori 2,2,9.178571428571429,0.6547123015873016,1.2857142857142858,0.3947923108637394,True,121.0,15.0,6.0,2.0,94.50972147480802,81.40350877192982,94.67005076142132,90.21601016518424,80.74968233799238,38.50063532401525,82.32850067291844,84.40174547,65.64266827,0.542635659,89,67.55661945,70.93514489824248,69,91.37055837563452,20
2021-06-19,UFC Fight Night: Jung vs. Ige,0,6.125,0.5359623015873015,0.7083333333333334,0.46473214285714287,True,25.0,5.0,1.0,0.0,22.466049064134324,0.0,63.89593908629442,55.01905972045743,31.067344345616267,65.0571791613723,36.84534784316396,42.14435678,40.08724574,5.271317829,454,36.2272626,35.56694434515542,464,41.243654822335024,-10
2021-06-26,UFC Fight Night: Gane vs. Volkov,0,7.423076923076923,0.5606910439059268,0.9230769230769231,0.5079247675401521,True,25.0,3.0,1.0,0.0,15.970513349848611,0.0,81.34517766497463,64.93011435832274,53.176620076238876,79.79669631512071,43.88595918300656,38.66833245,45.08366182,8.740310078,379,41.21044855,39.48701097138302,404,48.857868020304565,-25
2021-07-10,UFC 264: Poirier vs. McGregor 3,0,9.375,0.6010908195118722,1.125,0.46717469908259385,True,100.0,10.0,5.0,0.0,80.51637764932563,0.0,95.05076142131979,77.50952986022872,71.6010165184244,66.07369758576874,67.58781404880153,91.35751839,71.18972164,91.14517266,20,76.60925159,75.9653045350487,31,96.19289340101524,-11
2021-07-17,UFC Fight Night: Makhachev vs. Moises,0,5.45,0.4925536616161616,0.85,0.45583333333333337,True,15.0,4.0,1.0,0.0,12.528549064134324,0.0,50.63451776649747,38.75476493011436,46.50571791613723,60.99110546378653,31.322619569955283,34.19246856,24.79048056,8.507751938,591,28.50869906,28.23542900237943,595,24.61928934010152,-4
2021-07-24,UFC Fight Night: Sandhagen vs. Dillashaw,0,5.2727272727272725,0.5821334462638809,0.8636363636363636,0.45898268398268394,True,21.0,4.0,1.0,0.0,16.02408477842004,0.0,47.46192893401015,73.44345616264295,47.39517153748412,62.38881829733164,37.103737923931654,38.33452524,55.88115525,,323,45.11539532,41.994632392009514,369,53.299492385786806,-46
2021-07-31,UFC Fight Night: Hall vs. Strickland,0,4.15,0.22556269710681476,0.5,0.20166666666666666,True,13.0,2.0,1.0,0.0,6.7874776355628965,0.0,27.4746192893401,2.41423125794155,11.753494282083862,2.7954256670902162,8.257531160172672,4.202510581,33.90855678,1.104651163,748,13.69174756,12.293364269399428,756,4.187817258883249,-8
2021-08-07,UFC 265: Lewis vs. Gane,1,8.307692307692308,0.4739398991231078,1.2692307692307692,0.3778644432490586,True,76.0,8.0,4.0,1.0,71.86199856883067,32.80701754385965,89.65736040609137,31.257941550190598,79.79669631512071,31.76620076238882,58.698529891520366,79.88378918,67.17477863,3.817829457,168,58.79423219,59.73599161399937,163,79.44162436548223,5
2021-08-21,UFC Fight Night: Cannonier vs. Gastelum,0,5.583333333333333,0.49383417508417504,0.5416666666666666,0.3639294733044733,True,43.0,4.0,2.0,0.0,36.65944983484724,0.0,53.236040609137056,39.39008894536214,14.294790343074967,26.937738246505717,29.738047090625354,33.86450293,40.91005622,8.333333333,537,31.56720397,30.963238007987663,546,30.83756345177665,-9
2021-08-28,UFC Fight Night: Barboza vs. Chikadze,0,6.125,0.4069240386519799,0.75,0.2890151515151515,True,13.0,2.0,1.0,0.0,6.7874776355628965,0.0,63.89593908629442,15.628970775095299,36.0864040660737,9.91105463786531,19.609374889814895,32.07357334,50.81494958,8.759689922,547,30.7782105,28.131756483914852,599,24.111675126903553,-52
2021-09-04,UFC Fight Night: Brunson vs. Till,0,5.888888888888889,0.4930555555555556,0.9444444444444444,0.5966880341880342,True,25.0,4.0,2.0,0.0,24.48534269199009,0.0,59.13705583756346,39.135959339263025,54.76493011435832,95.29860228716646,42.112719468566205,36.25723725,46.74874373,7.131782946,411,38.99150993,38.34634506574046,417,47.20812182741117,-6
2021-09-18,UFC Fight Night: Smith vs. Spann,0,4.535714285714286,0.43223235098235097,0.7142857142857143,0.3535714285714286,True,21.0,4.0,1.0,0.0,16.02408477842004,0.0,33.756345177664976,21.47395171537484,31.8297331639136,24.015247776365946,20.357764330190722,21.30618093,39.21701005,7.945736434,650,24.6650111,23.474247250887732,657,16.751269035532996,-7
2021-09-25,UFC 266: Volkanovski vs. Ortega,2,7.769230769230769,0.6247674109516215,1.5769230769230769,0.4892105757490373,True,156.0,15.0,7.0,2.0,96.52148860940753,81.40350877192982,84.77157360406092,84.11689961880559,92.3125794155019,73.44345616264295,87.20316904303402,88.87287891,61.44365437,3.565891473,67,69.89712673,73.53968422869565,51,93.65482233502537,16
2021-10-02,UFC Fight Night: Santos vs. Walker,0,7.291666666666667,0.523387778157515,0.5416666666666666,0.47766111203611206,True,20.0,4.0,1.0,0.0,15.341049064134324,0.0,80.01269035532995,50.69885641677255,14.294790343074967,69.50444726810674,34.633824532900086,40.08569026,35.9870909,8.875968992,489,34.51564882,33.55516803953404,498,36.92893401015229,-9
2021-10-09,UFC Fight Night: Dern vs. Rodriguez,0,4.888888888888889,0.4755651755651756,1.0,0.372089947089947,True,34.0,4.0,2.0,0.0,31.034449834847234,0.0,40.35532994923858,32.02033036848793,60.419313850063524,29.987293519695047,32.099852426702085,18.37477152,33.89202859,8.585271318,616,27.09037549,27.12315527228296,615,22.081218274111674,1
2021-10-16,UFC Fight Night: Ladd vs. Dumont,0,7.15,0.5548085901027078,1.0,0.5142857142857142,True,0.0,0.0,0.0,0.0,0.0,0.0,78.1725888324873,62.897077509529865,60.419313850063524,80.81321473951716,39.522307290423704,51.2347348,12.18376086,2.848837209,517,33.03213016,32.417214119694904,518,34.390862944162436,-1
2021-10-23,UFC Fight Night: Costa vs. Vettori,0,5.357142857142857,0.45043071576456667,0.75,0.23860380690737834,True,0.0,0.0,0.0,0.0,0.0,0.0,48.79441624365482,25.54002541296061,36.0864040660737,4.5743329097839895,16.099325008546238,18.93077546,25.72645542,8.081395349,708,19.63429399,18.03841983243127,719,8.883248730964468,-11
2021-10-30,UFC 267: Blachowicz vs. Teixeira,2,7.071428571428571,0.6375399023245661,1.5,0.48440012368583796,True,132.0,14.0,6.0,2.0,95.25079290337945,81.40350877192982,76.84010152284264,86.78526048284625,89.83481575603558,71.15628970775096,85.41803454481058,65.59185443,74.86225855,,24,76.31530285,77.99133416245876,24,97.08121827411168,0
2021-11-06,UFC 268: Usman vs. Covington 2,2,6.75,0.4880990682986481,0.9285714285714286,0.4217725726654299,True,105.0,10.0,4.0,2.0,87.03590506963323,81.40350877192982,72.71573604060913,36.46759847522236,53.93900889453621,49.30114358322745,67.24655092806347,90.63844035,79.48022139,26.95736434,59,70.15778211,71.0552554437092,64,92.00507614213198,-5
2021-11-13,UFC Fight Night: Holloway vs. Rodriguez,0,7.090909090909091,0.611737567987568,0.7727272727272727,0.5330988455988455,True,45.0,6.0,2.0,0.0,44.583556977704376,0.0,77.41116751269035,80.43202033036849,38.564167725540024,84.75222363405337,52.737408181682625,68.43010251,73.50425124,6.569767442,177,57.70428093,56.14174233277401,201,74.61928934010153,-24
2021-11-20,UFC Fight Night: Vieira vs. Tate,0,5.2272727272727275,0.5169809357309357,0.9545454545454546,0.27035615899252263,True,46.0,6.0,3.0,0.0,49.953155105973025,0.0,46.38324873096447,47.39517153748412,55.717916137229984,7.750952986022871,37.00056704663011,23.03168649,23.35889242,51.22093023,542,30.94369575,32.34828122464985,520,34.13705583756345,22
2021-12-04,UFC Fight Night: Font vs. Aldo,0,7.269230769230769,0.5839783355602214,1.2307692307692308,0.6075549450549451,True,34.0,6.0,3.0,0.0,42.80136939168731,0.0,79.44162436548223,73.82465057179162,79.16137229987294,96.18805590851333,58.84660925789861,64.61579405,68.08775259,51.39534884,136,62.64071089,61.403755403433365,150,81.09137055837563,-14
2021-12-11,UFC 269: Oliveira vs. Poirier,2,8.714285714285714,0.6958896923182637,1.8571428571428572,0.5802542069459362,True,112.0,12.0,5.0,2.0,91.66334795430154,81.40350877192982,92.70304568527918,96.06099110546378,96.06099110546378,93.01143583227446,91.792600536348,92.02347447,79.84687477,93.77906977,1,88.87769739,89.41398005652009,1,100.0,0
2021-12-18,UFC Fight Night: Lewis vs. Daukaus,0,9.115384615384615,0.5706072773380466,0.9615384615384616,0.5269036519036518,True,56.0,8.0,3.0,0.0,58.82369082025874,0.0,94.41624365482234,68.99618805590852,57.30622617534943,83.48157560355781,60.23513993462696,65.99540378,59.40908424,1.298449612,212,54.60895482,55.4269966955284,212,73.22335025380711,0
2022-01-15,UFC Fight Night: Kattar vs. Chikadze,0,5.95,0.3856363081363081,0.75,0.3049206349206349,True,65.0,6.0,3.0,0.0,57.185297963115886,0.0,60.21573604060914,12.579415501905972,36.0864040660737,11.944091486658195,34.07117998226935,28.45710827,40.84126798,8.527131783,549,30.68491526,31.7710987451439,530,32.86802030456853,19
2022-01-22,UFC 270: Ngannou vs. Gane,2,4.090909090909091,0.3791869746415201,0.7727272727272727,0.30851370851370846,True,62.0,4.0,2.0,2.0,52.194812996966014,81.40350877192982,26.078680203045685,11.435832274459974,38.564167725540024,12.833545108005081,39.50264667070709,56.99278866,71.72947256,4.224806202,290,48.28694419,46.912595557125265,304,61.54822335025381,-14
2022-02-05,UFC Fight Night: Hermansson vs. Strickland,0,5.038461538461538,0.5358598666290975,0.9230769230769231,0.45473692973692975,True,19.0,2.0,1.0,0.0,9.720513349848611,0.0,42.25888324873097,54.891994917407885,53.176620076238876,60.482846251588306,32.42960223410983,7.805184459,38.53199045,5.658914729,615,27.09353316,25.677686980570524,632,19.923857868020303,-17
2022-02-12,UFC 271: Adesanya vs. Whittaker 2,1,7.857142857142857,0.5580945863020335,1.1071428571428572,0.402906162464986,True,79.0,8.0,4.0,1.0,72.46467714025923,32.80701754385965,85.8502538071066,64.42185514612451,70.07623888182974,41.67725540025413,63.01597005116222,85.72175625,79.82187603,4.92248062,105,65.70755358,65.89919338713462,107,86.5482233502538,-2
2022-02-19,UFC Fight Night: Walker vs. Hill,0,5.083333333333333,0.3534874972374973,0.625,0.35141594516594515,True,10.0,2.0,1.0,0.0,6.265156206991468,0.0,43.210659898477154,7.878017789072427,21.664548919949176,23.12579415501906,15.302609768849937,21.88685502,11.60815696,6.802325581,736,15.33073146,15.088335687370972,740,6.218274111675127,-4
2022-02-26,UFC Fight Night: Makhachev vs. Green,0,4.681818181818182,0.5071344653563906,1.3636363636363635,0.49469696969696975,True,3.0,1.0,0.0,0.0,0.5982142857142857,0.0,36.16751269035533,43.20203303684879,84.30749682337992,75.47649301143584,33.66095926439707,4.628115617,35.7966526,5.775193798,622,26.6554176,24.955009649162655,642,18.654822335025383,-20
2022-03-05,UFC 272: Covington vs. Masvidal,0,9.807692307692308,0.6639123696816003,1.1538461538461537,0.5732164765059502,True,65.0,8.0,4.0,0.0,65.10768476465731,0.0,95.68527918781726,92.50317662007625,72.9987293519695,92.12198221092758,68.99558886130788,79.60424198,53.64428173,28.13953488,134,62.74707898,63.866599580401626,126,84.13705583756345,8
2022-03-12,UFC Fight Night: Santos vs. Ankalaev,0,6.642857142857143,0.5375676406926407,1.1071428571428572,0.4539115646258503,True,34.0,6.0,3.0,0.0,42.80136939168731,0.0,71.57360406091371,55.90851334180432,70.07623888182974,59.974587039390094,48.895022882857496,33.53549757,55.41935708,9.515503876,359,42.55958069,43.013328936714444,352,55.45685279187818,7
2022-03-19,UFC Fight Night: Volkov vs. Aspinall,0,5.958333333333333,0.6354444166944168,1.4583333333333333,0.5191919191919192,True,42.0,6.0,2.0,0.0,42.81569983484724,0.0,60.659898477157356,86.14993646759848,88.31003811944092,82.21092757306226,57.271022039670434,27.8292877,38.31589924,9.031007752,386,40.7656579,41.7997120402484,374,52.66497461928934,12
2022-03-26,UFC Fight Night: Blaydes vs. Daukaus,0,8.0,0.632949481074481,1.3333333333333333,0.37286706349206344,True,107.0,13.0,6.0,0.0,84.58596545554639,0.0,87.11928934010153,85.26048284625159,82.71918678526048,30.368487928843713,65.34123220272794,40.10305452,30.57084349,3.352713178,375,41.48581131,45.94049569325485,312,60.53299492385786,63
2022-04-09,UFC 273: Volkanovski vs. The Korean Zombie,2,6.875,0.5602357609710551,1.5416666666666667,0.4785701566951566,True,119.0,10.0,5.0,2.0,90.66781224001583,81.40350877192982,74.36548223350253,64.67598475222364,91.42312579415503,69.6315120711563,80.61028957922018,65.26570004,70.22965622,3.972868217,113,64.59030488,67.28699840534128,95,88.07106598984772,18
2022-04-16,UFC Fight Night: Luque vs. Muhammad,0,4.142857142857143,0.3397008803521409,0.42857142857142855,0.2420377241805813,True,30.0,4.0,2.0,0.0,28.42284269199009,0.0,27.284263959390863,7.115628970775095,7.369758576874205,4.955527318932655,15.068377843233222,7.464517841,49.48293899,9.147286822,686,21.43648789,20.374622992907284,700,11.294416243654823,-14
2022-04-23,UFC Fight Night: Lemos vs. Andrade,0,6.2272727272727275,0.3654536435786435,0.7272727272727273,0.42046482928835865,True,8.0,2.0,0.0,0.0,2.897321428571429,0.0,65.98984771573603,9.91105463786531,32.78271918678526,48.91994917407878,22.933696328596586,41.59784437,42.78746614,1.356589147,535,31.65520644,29.24992753805443,581,26.39593908629442,-46
2022-04-30,UFC Fight Night: Font vs. Vera,0,9.045454545454545,0.4392891073572892,0.8181818181818182,0.31325757575757573,True,19.0,2.0,1.0,0.0,9.720513349848611,0.0,94.03553299492386,23.12579415501906,43.58322744599746,13.341804320203304,27.2882442532147,45.15225897,35.38006282,8.158914729,521,32.7891608,31.085594623178764,545,30.96446700507614,-24
2022-05-07,UFC 274: Oliveira vs. Gaethje,1,8.714285714285714,0.5426515683564556,1.4642857142857142,0.5033118200660217,True,99.0,9.0,4.0,1.0,79.61199856883067,32.80701754385965,92.70304568527918,57.179161372299866,89.07242693773824,78.78017789072427,72.95945569083537,90.01906542,77.40468431,4.670542636,61,70.1383704,70.86162882198427,71,91.11675126903553,-10
2022-05-14,UFC Fight Night: Blachowicz vs. Rakic,0,7.7727272727272725,0.49055990019612317,0.5909090909090909,0.3496556473829201,True,68.0,8.0,3.0,0.0,62.881726534544455,0.0,84.8984771573604,37.99237611181703,18.487928843710293,22.36340533672173,41.788424203308665,46.8182136,50.30688076,,326,44.75051838,45.100217658579986,327,58.629441624365484,-1
2022-05-21,UFC Fight Night: Holm vs. Vieira,0,5.318181818181818,0.5467532467532468,1.0,0.3872294372294372,True,27.0,3.0,1.0,0.0,17.979441921277186,0.0,48.223350253807105,59.0851334180432,60.419313850063524,35.45108005082592,33.838875436566724,40.01611841,44.54891073,27.70260747,407,39.2070086,36.940449858620696,444,43.78172588832487,-37
2022-06-04,UFC Fight Night: Volkov vs. Rozenstruik,0,4.571428571428571,0.44690527726242013,0.6428571428571429,0.2766156462585034,True,26.0,4.0,2.0,0.0,25.57016412056152,0.0,34.58121827411168,24.777636594663278,24.52350698856417,8.259212198221093,20.57086960394689,15.04165711,31.10956589,1.065891473,712,19.49034443,19.72245822511557,708,10.279187817258883,4
2022-06-11,UFC 275: Teixeira vs. Prochazka,2,6.0,0.5636779886779886,1.2727272727272727,0.41854338842975203,True,72.0,5.0,2.0,2.0,59.64124156839459,81.40350877192982,61.29441624365482,66.4548919949174,80.30495552731894,48.03049555273189,65.14073000319578,72.08480055,70.6199044,4.903100775,138,62.42672314,61.85008096797006,146,81.5989847715736,-8
2022-06-18,UFC Fight Night: Kattar vs. Emmett,0,6.3076923076923075,0.6551105649811864,1.3076923076923077,0.35178571428571426,True,21.0,2.0,1.0,0.0,11.046406206991469,0.0,66.68781725888326,90.3430749682338,81.8297331639136,23.252858958068614,40.00980967097134,25.50526525,40.52775946,8.934108527,467,35.43043772,33.82518873754682,494,37.43654822335025,-27
2022-06-25,UFC Fight Night: Tsarukyan vs. Gamrot,0,5.25,0.5723137973137974,1.2083333333333333,0.3885051169590643,True,16.0,4.0,2.0,0.0,18.699628406275806,0.0,47.01776649746193,69.75857687420584,77.2554002541296,35.95933926302414,37.808640126317755,21.16726356,28.68380295,9.88372093,584,28.86870433,29.34758118330617,577,26.903553299492383,7
2022-07-02,UFC 276: Adesanya vs. Cannonier,2,12.875,0.710869192333008,2.125,0.515049543324715,True,108.0,13.0,5.0,2.0,91.77941938287297,81.40350877192982,99.74619289340102,97.20457433290979,98.6022871664549,81.32147395171538,91.69275101115943,97.80715416,69.65326886,4.864341085,21,76.59542445,79.50639263803335,15,98.22335025380711,6
2022-07-09,UFC Fight Night: Dos Anjos vs. Fiziev,0,6.818181818181818,0.5686400875110553,1.0,0.47575757575757566,True,15.0,2.0,1.0,0.0,7.550870492705753,0.0,73.15989847715736,68.36086404066074,60.419313850063524,68.7420584498094,40.16076002228847,52.86609793,65.05794077,9.186046512,283,48.70283747,45.3358427754527,320,59.517766497461935,-37
2022-07-16,UFC Fight Night: Ortega vs. Rodriguez,0,7.208333333333333,0.603457190957191,1.1666666666666667,0.46810515873015873,True,75.0,13.0,4.0,0.0,74.70143476465731,0.0,78.61675126903553,78.1448538754765,73.69758576874206,66.32782719186785,63.96061296411427,66.42976342,53.3599779,6.375968992,224,54.04503795,56.41322195309257,199,74.8730964467005,25
2022-07-23,UFC Fight Night: Blaydes vs. Aspinall,0,7.0,0.5571981065153334,1.0714285714285714,0.5851692949907237,True,50.0,6.0,2.0,0.0,46.79337840627581,0.0,75.8248730964467,63.9135959339263,66.83608640406608,93.7738246505718,56.086786733784265,53.63482163,51.72120074,9.612403101,270,50.00635126,49.939487129040764,268,66.11675126903553,2
2022-07-30,UFC 277: Pena vs. Nunes 2,2,7.461538461538462,0.5607550129608954,1.4615384615384615,0.4592943820884997,True,121.0,10.0,5.0,2.0,90.8687050971587,81.40350877192982,82.29695431472082,65.18424396442185,88.81829733163914,62.7700127064803,80.52683392163448,83.47422482,63.76502223,50.42635659,47,72.49897398,74.47761361395186,40,95.05076142131979,7
2022-08-06,UFC Fight Night: Santos vs. Hill,0,6.3,0.46627713470104776,0.45,0.48738095238095236,True,31.0,5.0,2.0,0.0,32.69516412056152,0.0,66.49746192893402,29.35196950444727,8.57687420584498,72.42693773824651,34.56800330901465,38.09856266,42.22754278,9.76744186,481,34.73508928,34.54976890494674,478,39.46700507614213,3
2022-08-13,UFC Fight Night: Vera vs. Cruz,0,6.461538461538462,0.45045228332171655,0.6538461538461539,0.4123696816004508,True,23.0,3.0,1.0,0.0,14.403549064134324,0.0,68.78172588832487,25.667090216010163,25.603557814485388,44.72681067344346,27.390150562157245,38.59966826,56.57556397,6.085271318,447,36.79659681,34.14654748099233,488,38.19796954314721,-41
2022-08-20,UFC 278: Usman vs. Edwards,1,6.5,0.5030839652550179,1.625,0.3821867946867947,True,76.0,8.0,3.0,1.0,68.47086176728924,32.80701754385965,69.41624365482234,42.43964421855146,93.7738246505718,33.54510800508259,58.61871586039107,81.91084412,79.36215842,25.87209302,104,65.73239112,65.03187915657989,117,85.27918781725889,-13
2022-09-03,UFC Fight Night: Gane vs. Tuivasa,0,5.583333333333333,0.3896900553150553,0.625,0.36845689033189033,True,61.0,5.0,2.0,0.0,47.60141412056152,0.0,53.236040609137056,13.341804320203304,21.664548919949176,29.09783989834816,30.708056960837734,54.5796443,50.26697468,7.228682171,414,38.79785326,37.914830594685355,428,45.81218274111675,-14
2022-09-10,UFC 279: Diaz vs. Ferguson,0,7.076923076923077,0.5004465086195856,0.7692307692307693,0.4343822843822843,True,3.0,1.0,0.0,0.0,0.5982142857142857,0.0,77.09390862944161,41.80432020330368,37.73824650571792,53.87547649301143,29.65113754212074,60.12843123,49.35978239,84.68639887,258,50.90560882,46.19557015277554,311,60.659898477157356,-53
2022-09-17,UFC Fight Night: Sandhagen vs. Song,0,4.923076923076923,0.4669431875314229,0.8461538461538461,0.40242673992673994,True,18.0,2.0,1.0,0.0,9.077656206991467,0.0,40.609137055837564,29.60609911054638,45.93392630241423,41.42312579415502,24.78341721891089,12.76599431,37.501411,9.166666667,646,25.00361437,23.37586775559901,658,16.624365482233504,-12
2022-10-01,UFC Fight Night: Dern vs. Yan,0,7.545454545454546,0.4909093684093685,0.8636363636363636,0.5011560409287682,True,25.0,3.0,1.0,0.0,15.970513349848611,0.0,83.24873096446701,38.11944091486658,47.39517153748412,78.1448538754765,39.358301625875775,20.90227785,21.878551,6.434108527,596,28.36359109,28.160011947602857,598,24.238578680203045,-2
2022-10-15,UFC Fight Night: Grasso vs. Araujo,0,5.7727272727272725,0.5494875222816398,0.7727272727272727,0.3266657584839403,True,21.0,2.0,1.0,0.0,11.046406206991469,0.0,56.97969543147208,60.99110546378653,38.564167725540024,17.53494282083863,27.68370946392666,16.14368918,20.8154724,8.003875969,680,22.20901761,21.665909497906263,682,13.578680203045684,-2
2022-10-22,UFC 280: Oliveira vs. Makhachev,2,9.083333333333334,0.6924256869790392,2.7083333333333335,0.3817069504569504,True,163.0,16.0,8.0,2.0,97.09809540819641,81.40350877192982,94.28934010152284,95.67979669631512,99.87293519695044,33.16391359593393,85.74675783323023,82.45920115,74.83050038,2.364341085,53,71.29908391,74.28367704838591,46,94.28934010152284,7
2022-10-29,UFC Fight Night: Kattar vs. Allen,0,7.818181818181818,0.4334730380184926,1.1818181818181819,0.40756164125729344,True,24.0,3.0,1.0,0.0,15.046406206991467,0.0,85.53299492385787,21.855146124523507,74.90470139771284,42.69377382465057,36.01204814000171,43.56300792,51.00709168,9.903100775,391,40.63018342,38.361274133900785,416,47.33502538071066,-25
2022-11-05,UFC Fight Night: Rodriguez vs. Lemos,0,5.181818181818182,0.5028198653198653,0.9545454545454546,0.36186488949646844,True,27.0,4.0,2.0,0.0,26.494271263418664,0.0,45.68527918781726,42.31257941550191,55.717916137229984,26.17534942820839,31.733038762651656,14.35794475,33.08905309,4.573643411,643,25.26864804,25.492901696719763,634,19.670050761421322,9
2022-11-12,UFC 281: Adesanya vs. Pereira,2,8.892857142857142,0.6951305117188575,1.7142857142857142,0.5068272005772005,True,109.0,12.0,5.0,2.0,91.38209795430154,81.40350877192982,93.4010152284264,95.93392630241424,94.79034307496823,79.41550190597204,89.70683072600997,94.41077743,69.98310265,4.050387597,31,75.0165489,77.83683451126458,26,96.8274111675127,5
2022-11-19,UFC Fight Night: Nzechukwu vs. Cutelaba,0,4.863636363636363,0.45907980907980905,0.5454545454545454,0.3706709956709957,True,9.0,2.0,1.0,0.0,5.823191921277182,0.0,39.78426395939086,27.573062261753496,14.930114358322744,29.47903430749682,17.394264060558108,12.8578925,10.00802897,1.143410853,752,13.06963233,13.146205276556731,749,5.0761421319796955,3
2022-12-03,UFC Fight Night: Thompson vs. Holland,0,11.357142857142858,0.5571374179042247,1.0357142857142858,0.4134568221227885,True,67.0,8.0,3.0,0.0,62.52011939168731,0.0,99.11167512690355,63.6594663278272,63.15120711562897,45.61626429479034,56.7714416186272,75.49948626,44.8024312,0.465116279,256,51.09744529,52.627796613668515,243,69.28934010152284,13
2022-12-10,UFC 282: Blachowicz vs. Ankalaev,1,6.666666666666667,0.557153379028379,1.2916666666666667,0.4599086099086098,True,55.0,9.0,4.0,1.0,66.99592714025924,32.80701754385965,71.89086294416244,63.786531130876746,81.2579415501906,63.15120711562897,63.90387658193835,62.19266673,65.59293032,,123,63.39623579,63.89846064299071,125,84.26395939086294,-2
2022-12-17,UFC Fight Night: Cannonier vs. Strickland,0,7.461538461538462,0.6770641858141858,1.3076923076923077,0.479995004995005,True,53.0,8.0,3.0,0.0,57.618333677401594,0.0,82.29695431472082,93.7738246505718,81.8297331639136,70.01270648030496,63.193350708552046,32.54658976,37.19371723,7.5,356,42.72889739,45.161808863733945,323,59.13705583756346,33
2023-01-14,UFC Fight Night: Strickland vs. Imavov,0,4.818181818181818,0.5205505687123334,1.1363636363636365,0.33837072018890196,True,33.0,4.0,1.0,0.0,24.70265620699147,0.0,38.642131979695435,48.91994917407878,72.23634053367218,20.330368487928844,32.628827486649975,21.387056,22.13701681,2.5,649,24.71098286,24.83455666205899,645,18.274111675126903,4
2023-01-21,UFC 283: Teixeira vs. Hill,2,8.466666666666667,0.4856582306582306,0.7333333333333333,0.41554431679431675,True,103.0,11.0,5.0,2.0,89.84638366858726,81.40350877192982,90.35532994923858,35.70520965692503,34.68869123252859,46.50571791613723,67.36609915432248,89.4063864,61.37930164,1.996124031,147,61.46454706,64.36086938288835,123,84.51776649746193,24
2023-02-04,UFC Fight Night: Lewis vs. Spivac,0,4.5,0.3039069264069264,0.4090909090909091,0.29201044053985237,True,20.0,4.0,2.0,0.0,20.909449834847237,0.0,32.99492385786802,4.5743329097839895,6.416772554002541,10.419313850063533,13.889582994494702,33.96401784,44.19830874,0.794573643,654,24.49334788,23.664377389367562,655,17.00507614213198,-1
2023-02-11,UFC 284: Makhachev vs. Volkanovski,2,5.384615384615385,0.49363232920925226,1.8846153846153846,0.3914529914529915,True,45.0,4.0,1.0,2.0,40.07730508339596,81.40350877192982,49.49238578680203,39.26302414231258,96.50571791613723,36.975857687420586,54.532860727663106,43.54739462,63.00652356,4.593023256,266,50.1831725,48.98628025992503,278,64.84771573604061,-12
2023-02-18,UFC Fight Night: Andrade vs. Blanchfield,0,6.863636363636363,0.30714558169103623,0.6818181818181818,0.2804112554112554,True,25.0,4.0,2.0,0.0,24.48534269199009,0.0,74.0482233502538,4.8284625158831,27.890724269377383,9.148665819567979,23.573853441308547,57.83877394,58.71065379,1.705426357,421,38.448328,36.65538931930193,447,43.401015228426395,-26
2023-02-25,UFC Fight Night: Muniz vs. Allen,0,3.55,0.46624999999999994,0.9,0.38541666666666663,True,5.0,1.0,0.0,0.0,0.8392857142857143,0.0,19.16243654822335,29.224904701397712,50.06353240152478,34.9428208386277,18.926902942854014,3.32043073,29.05858134,9.96124031,721,18.45798757,16.825882040112848,723,8.375634517766498,-2
2023-03-04,UFC 285: Jones vs. Gane,2,6.5,0.578656462585034,1.4285714285714286,0.465093537414966,True,97.0,10.0,4.0,2.0,85.6698336410618,81.40350877192982,69.41624365482234,72.29987293519696,86.97585768742059,65.18424396442185,78.24011187424937,86.07212079,76.69825322,4.80620155,56,70.49831838,72.2805538993547,58,92.76649746192894,-2
2023-03-11,UFC Fight Night: Yan vs. Dvalishvili,0,7.038461538461538,0.47629821787061616,1.1153846153846154,0.4353785103785104,True,38.0,5.0,2.0,0.0,36.75319983484724,0.0,76.14213197969542,32.78271918678526,70.83862770012706,54.256670902160096,43.78878091808167,40.70820791,47.87006378,7.42248062,387,40.69954064,40.37230705611757,390,50.63451776649747,-3
2023-03-18,UFC 286: Edwards vs. Usman 3,1,6.433333333333334,0.5339804639804641,1.0,0.4422222222222222,True,89.0,9.0,4.0,1.0,78.00485571168781,32.80701754385965,68.52791878172589,53.748411689961884,60.419313850063524,57.30622617534943,61.594701039240796,71.32633002,72.79941574,28.35271318,140,62.35415005,62.87649786325076,135,82.99492385786802,5
2023-03-25,UFC Fight Night: Vera vs. Sandhagen,0,6.05,0.4791200466200466,0.75,0.3444047619047619,True,55.0,6.0,3.0,0.0,53.930833677401594,0.0,62.30964467005076,33.672172808132146,36.0864040660737,21.855146124523507,37.728521576849694,57.45550768,51.52108492,6.182170543,372,41.68988713,41.94818735165086,370,53.172588832487314,2
2023-04-08,UFC 287: Pereira vs. Adesanya 2,1,8.625,0.6618086618618738,1.0416666666666667,0.589781746031746,True,71.0,10.0,5.0,1.0,76.54301288207041,32.80701754385965,91.68781725888326,91.99491740787802,64.16772554002542,94.0279542566709,75.41886434564555,90.20284723,73.17447512,4.360465116,76,69.46014253,71.07173502759696,63,92.13197969543148,13
2023-04-15,UFC Fight Night: Holloway vs. Allen,0,10.0,0.5293523926664683,1.1785714285714286,0.41446375783781797,True,65.0,9.0,4.0,0.0,67.27286333608589,0.0,96.63705583756345,52.35069885641678,74.33290978398983,45.870393900889454,57.8686071738661,70.12323027,83.45624685,6.259689922,149,61.13227439,61.03301325857841,152,80.83756345177665,-3
2023-04-22,UFC Fight Night: Pavlovich vs. Blaydes,0,7.590909090909091,0.6256643066099864,1.0909090909090908,0.41322011322011326,True,25.0,2.0,1.0,0.0,13.939263349848611,0.0,83.81979695431471,84.24396442185514,69.50444726810674,45.48919949174079,43.80981614399702,25.78687793,51.80195342,6.860465116,398,40.12245893,37.90810483483863,429,45.68527918781726,-31
2023-04-29,UFC Fight Night: Song vs. Simon,0,4.863636363636363,0.49242424242424243,0.8636363636363636,0.3849747474747475,True,14.0,2.0,1.0,0.0,7.108906206991468,0.0,39.78426395939086,38.6277001270648,47.39517153748412,34.561626429479034,24.584298549576076,8.806388597,36.52303058,9.205426357,662,23.71843158,22.201792187444994,673,14.720812182741117,-11
2023-05-06,UFC 288: Sterling vs. Cejudo,1,8.583333333333334,0.5184664571078876,1.5,0.38406974969474966,True,87.0,9.0,3.0,1.0,74.01104033871782,32.80701754385965,91.18020304568529,48.15756035578145,89.83481575603558,34.43456162642948,63.70129426750615,70.21030726,58.52588561,5.484496124,188,56.72975938,58.17300740685283,182,77.03045685279187,6
2023-05-13,UFC Fight Night: Rozenstruik vs. Almeida,0,9.954545454545455,0.5784246574567891,0.8181818181818182,0.5224960645415191,True,32.0,5.0,2.0,0.0,33.29784269199009,0.0,96.31979695431471,71.91867852604828,43.58322744599746,82.71918678526048,51.22507736722396,50.99925439,32.76679957,9.108527132,365,42.29849333,42.902920173323025,354,55.203045685279186,11
2023-05-20,UFC Fight Night: Dern vs. Hill,0,7.208333333333333,0.48278037548870883,0.8333333333333334,0.4755329161579162,True,10.0,2.0,1.0,0.0,6.265156206991468,0.0,78.61675126903553,35.06988564167726,45.04447268106734,68.61499364675984,33.70800131549304,31.02900509,28.26488386,7.926356589,558,30.39417962,29.3429718330268,578,26.776649746192895,-20
2023-06-03,UFC Fight Night: Kara-France vs. Albazi,0,8.192307692307692,0.44930946841520786,0.7692307692307693,0.3910747465095291,True,28.0,4.0,1.0,0.0,21.528549064134324,0.0,88.83248730964468,25.285895806861497,37.73824650571792,36.72172808132147,32.85953479773668,55.93679414,34.03141341,9.534883721,444,36.91812615,35.86188004005887,458,42.00507614213198,-14
2023-06-10,UFC 289: Nunes vs. Aldana,1,8.045454545454545,0.5861460138198106,1.2727272727272727,0.4945887445887445,True,70.0,9.0,3.0,1.0,68.86818319586067,32.80701754385965,87.81725888324873,74.20584498094028,80.30495552731894,75.34942820838629,69.72828567888375,80.68414492,64.27778894,50.15503876,79,68.75498756,68.98214073748653,86,89.21319796954315,-7
2023-06-17,UFC Fight Night: Vettori vs. Cannonier,0,4.5,0.5739850427350427,0.7083333333333334,0.41669973544973543,True,33.0,3.0,1.0,0.0,21.756227635562897,0.0,32.99492385786802,70.13977128335452,31.067344345616267,47.14104193138501,31.914899689220206,30.61493817,48.65008342,2.984496124,494,34.40574656,32.417608219241295,517,34.51776649746193,-23
2023-06-24,UFC Fight Night: Emmett vs. Topuria,0,6.1923076923076925,0.5664130888268819,1.1923076923076923,0.46028693528693526,True,39.0,7.0,2.0,0.0,42.958556977704376,0.0,65.29187817258884,67.21728081321474,76.17534942820838,63.53240152477764,50.99793448474186,20.21839335,38.55405497,8.817829457,456,35.96822753,37.27077143908126,440,44.289340101522846,16
2023-07-01,UFC Fight Night: Strickland vs. Magomedov,0,5.291666666666667,0.644510582010582,0.7083333333333334,0.4223713786213786,True,17.0,5.0,2.0,0.0,22.690699834847234,0.0,47.71573604060914,88.0559085133418,31.067344345616267,49.555273189326556,37.1024066428993,28.24459728,27.27785158,,533,31.98489626,32.535606449926306,515,34.77157360406091,18
2023-07-08,UFC 290: Volkanovski vs. Rodriguez,2,7.076923076923077,0.581783633253445,0.9615384615384616,0.4707875457875457,True,97.0,9.0,4.0,2.0,83.97340506963323,81.40350877192982,77.09390862944161,73.18932655654383,57.30622617534943,67.21728081321474,75.0614566533971,86.81086162,72.00858824,3.701550388,85,68.04661341,69.83870406856266,76,90.48223350253807,9
2023-07-15,UFC Fight Night: Holm vs. Bueno Silva,0,3.5384615384615383,0.3841117216117216,0.6153846153846154,0.316025641025641,True,21.0,3.0,1.0,0.0,13.077656206991469,0.0,18.654822335025383,12.325285895806863,20.266836086404066,14.73951715374841,13.161401468035303,28.05125879,47.9333709,21.50105708,608,27.48745019,24.92096891509624,643,18.527918781725887,-35
2023-07-22,UFC Fight Night: Aspinall vs. Tybura,0,6.566666666666666,0.5483610779199014,0.6666666666666666,0.41063973063973064,True,40.0,5.0,2.0,0.0,37.99873554913295,0.0,70.68527918781726,60.2287166454892,26.55654383735705,43.96442185514612,39.600515278353235,22.76019245,31.62762942,9.593023256,556,30.4375095,31.14086016504249,544,31.091370558375637,12
2023-07-29,UFC 291: Poirier vs. Gaethje 2,0,11.272727272727273,0.5836768674300338,0.6818181818181818,0.6185944625784198,True,51.0,6.0,2.0,0.0,47.35587840627581,0.0,98.79441624365482,73.69758576874206,27.890724269377383,97.07750952986022,55.851196535511576,94.01022426,67.2712067,93.48837209,40,73.61079291,70.52230242653533,73,90.86294416243655,-33
2023-08-05,UFC Fight Night: Sandhagen vs. Font,0,7.0,0.5926752645502645,1.125,0.5020833333333333,True,18.0,3.0,1.0,0.0,11.108906206991467,0.0,75.8248730964467,75.98475222363406,71.6010165184244,78.3989834815756,45.58601940690875,55.49778553,39.63547113,7.674418605,333,44.16070053,42.66632725287802,358,54.69543147208121,-25
2023-08-12,UFC Fight Night: Luque vs. Dos Anjos,0,6.153846153846154,0.41171503934661824,0.46153846153846156,0.4307551422936039,True,9.0,2.0,0.0,0.0,3.2991071428571432,0.0,64.40355329949239,16.64548919949174,10.038119440914867,52.22363405336722,21.053243581914415,51.35755856,52.54519253,9.825581395,445,36.82205492,33.525655426980634,499,36.80203045685279,-54
2023-08-19,UFC 292: Sterling vs. O'Malley,2,10.25,0.6557965863112921,1.5,0.6011679292929293,True,84.0,9.0,4.0,2.0,81.04036935534752,81.40350877192982,97.33502538071066,90.5972045743329,89.83481575603558,95.80686149936467,88.00894904413657,79.7674748,64.60047919,5.872093023,58,70.25452237,72.83227574040282,54,93.2741116751269,4
2023-08-26,UFC Fight Night: Holloway vs. The Korean Zombie,0,6.884615384615385,0.40992954414007043,0.38461538461538464,0.3404137529137529,True,70.0,8.0,4.0,0.0,67.11661333608589,0.0,74.61928934010153,16.518424396442185,5.209656925031767,20.838627700127066,36.541023771464126,81.19225548,66.6476657,4.379844961,274,49.60080434,49.771638090573504,271,65.73604060913706,3
2023-09-02,UFC Fight Night: Gane vs. Spivac,0,3.909090909090909,0.4299533799533799,1.0,0.2558261183261183,True,43.0,4.0,1.0,0.0,31.091049064134324,0.0,23.3502538071066,20.838627700127066,60.419313850063524,6.099110546378653,24.826337545754917,46.95881483,43.56788805,7.34496124,503,33.72980327,32.07048602864727,527,33.24873096446701,-24
2023-09-09,UFC 293: Adesanya vs. Strickland,1,6.083333333333333,0.4194867510656984,0.6666666666666666,0.3259507853257853,True,52.0,5.0,2.0,1.0,47.445013639020594,32.80701754385965,62.69035532994924,18.932655654383733,26.55654383735705,17.280813214739517,36.39093807294667,66.29447164,73.46340778,2.015503876,275,49.43255317,47.68811537355547,292,63.07106598984772,-17
2023-09-16,UFC Fight Night: Grasso vs. Shevchenko 2,1,5.090909090909091,0.4546487603305786,1.3636363636363635,0.3181818181818182,True,38.0,5.0,2.0,1.0,39.73072792473488,32.80701754385965,43.52791878172589,26.30241423125794,84.30749682337992,15.628970775095299,40.279552919165084,47.4463403,62.35213785,4.728682171,335,43.98699593,43.15712775291594,349,55.83756345177665,-14
2023-09-23,UFC Fight Night: Fiziev vs. Gamrot,0,7.409090909090909,0.5923742923742924,0.5909090909090909,0.49498556998557,True,41.0,6.0,3.0,0.0,47.100476534544455,0.0,80.9010152284264,75.73062261753493,18.487928843710293,75.8576874205845,49.2669585357992,39.68509207,29.12756025,9.089147287,449,36.76166225,38.71049916556763,414,47.588832487309645,35
2023-10-07,UFC Fight Night: Dawson vs. Green,0,9.3,0.5611246759776172,0.8,0.4602651515151514,True,7.0,2.0,0.0,0.0,2.616071428571429,0.0,94.9238578680203,65.43837357052097,41.550190597204576,63.40533672172808,37.92930765461778,32.57896155,35.78871524,0.891472868,498,34.17706812,32.577517701724176,514,34.89847715736041,-16
2023-10-14,UFC Fight Night: Yusuff vs. Barboza,0,7.454545454545454,0.6093652980016617,1.3636363636363635,0.4088298955946014,True,26.0,7.0,3.0,0.0,39.77011939168731,0.0,81.91624365482234,79.28843710292249,84.30749682337992,43.20203303684879,52.35102530402249,31.32748697,39.83183064,9.941860465,412,38.91242893,40.73070756055035,385,51.26903553299492,27
2023-10-21,UFC 294: Makhachev vs. Volkanovski 2,1,6.384615384615385,0.6482778659249249,1.5384615384615385,0.47306166056166055,True,50.0,5.0,2.0,1.0,46.601263639020594,32.80701754385965,68.1472081218274,88.69123252858958,90.85133418043202,67.72554002541295,62.73150562772321,77.54327782,71.21929735,2.810077519,126,63.12421821,61.86526687805268,145,81.7258883248731,-19
2023-11-04,UFC Fight Night: Almeida vs. Lewis,0,6.6,0.6143673355629876,1.55,0.42900793650793656,True,18.0,4.0,1.0,0.0,14.05533477842004,0.0,71.19289340101524,81.06734434561626,91.99491740787802,51.84243964421855,45.67026370534795,49.89737645,62.9218445,0.174418605,294,48.12487777,45.84599177396006,316,60.0253807106599,-22
2023-11-11,UFC 295: Prochazka vs. Pereira,2,6.0,0.6839202464202464,1.5,0.5298534798534799,True,87.0,10.0,4.0,2.0,83.90197649820468,81.40350877192982,61.29441624365482,94.66327827191868,89.83481575603558,83.86277001270648,82.71882341733576,59.14435724,49.36869415,33.72093023,145,62.07086592,65.29562310077445,113,85.78680203045685,32
2023-11-18,UFC Fight Night: Allen vs. Craig,0,4.428571428571429,0.46386054421768697,1.0,0.43630952380952387,True,22.0,4.0,2.0,0.0,22.27552126341866,0.0,31.34517766497462,28.843710292249046,60.419313850063524,54.637865311308765,31.217105775629033,7.796307685,36.88251843,9.728682171,644,25.19234295,25.162078619189355,640,18.908629441624367,4
2023-12-02,UFC Fight Night: Dariush vs. Tsarukyan,0,9.875,0.5349944037444038,0.5416666666666666,0.48306878306878304,True,49.0,8.0,3.0,0.0,55.649583677401594,0.0,95.93908629441624,54.38373570520966,14.294790343074967,70.77509529860228,49.64985417300292,79.70944107,39.17506972,7.906976744,293,48.22041725,49.784222967781346,270,65.86294416243655,23
2023-12-09,UFC Fight Night: Song vs. Gutierrez,0,6.818181818181818,0.6104667461724878,1.1818181818181819,0.48885281385281387,True,23.0,4.0,2.0,0.0,22.918378406275806,0.0,73.15989847715736,79.66963151207116,74.90470139771284,73.18932655654383,49.004811633970675,48.32003322,31.28367451,7.73255814,392,40.57513846,40.82828486622651,383,51.52284263959391,9
2023-12-16,UFC 296: Edwards vs. Covington,2,10.25,0.694791338047917,1.5416666666666667,0.4944673382173382,True,126.0,15.0,7.0,2.0,95.55720289512182,81.40350877192982,97.33502538071066,95.80686149936467,91.42312579415503,75.22236340533672,90.43388474774612,89.2441443,64.39468371,5.290697674,49,72.42628102,75.92919891356321,32,96.06598984771574,17
2024-01-13,UFC Fight Night: Ankalaev vs. Walker 2,0,8.227272727272727,0.573773916401411,0.7727272727272727,0.4245457682414204,True,25.0,3.0,1.0,0.0,15.970513349848611,0.0,89.08629441624365,70.01270648030496,38.564167725540024,50.06353240152478,39.47289214826046,62.25055975,38.21996306,0.639534884,370,41.77307421,40.32499889479981,391,50.50761421319797,-21
2024-01-20,UFC 297: Strickland vs. Du Plessis,2,8.25,0.5607370180069421,1.2916666666666667,0.4731481481481481,True,81.0,8.0,3.0,2.0,74.6804825538061,81.40350877192982,89.40355329949239,65.0571791613723,81.2579415501906,67.85260482846252,76.3006150317445,45.90820109,62.30550673,2.189922481,184,56.99466718,59.12429088310247,171,78.42639593908629,13
2024-02-03,UFC Fight Night: Dolidze vs. Imavov,0,5.6923076923076925,0.5718718781218781,0.6923076923076923,0.36758113681190596,True,33.0,6.0,3.0,0.0,42.037976534544455,0.0,55.647208121827404,69.50444726810674,29.288437102922487,28.589580686149933,38.235547205424254,10.6691266,13.48201398,9.069767442,695,20.78971818,23.808579386295158,654,17.131979695431472,41
2024-02-10,UFC Fight Night: Hermansson vs. Pyfer,0,7.428571428571429,0.43017968056787936,0.5357142857142857,0.31517282320853746,True,8.0,2.0,0.0,0.0,2.897321428571429,0.0,81.5989847715736,21.21982210927573,13.341804320203304,13.850063532401524,19.070690891255012,22.95240507,28.13722158,7.112403101,678,22.22248003,20.723475983077307,696,11.802030456852792,-18
2024-02-17,UFC 298: Volkanovski vs. Topuria,1,6.916666666666667,0.543172738209503,1.4166666666666667,0.4629171754171755,True,118.0,13.0,5.0,1.0,87.98051288207041,32.80701754385965,74.8730964467005,57.560355781448536,86.27700127064803,64.42185514612451,70.6256595310505,83.03169382,67.8913471,5.135658915,117,64.09638358,66.20443827818323,102,87.18274111675127,15
2024-02-24,UFC Fight Night: Moreno vs. Royval 2,0,4.708333333333333,0.48039148351648353,0.5416666666666666,0.42738095238095236,True,53.0,4.0,2.0,0.0,41.32016412056152,0.0,36.6751269035533,33.92630241423126,14.294790343074967,51.46124523506989,31.486094321598575,66.59698306,47.55396188,1.802325581,380,40.98070194,39.777043832835346,399,49.49238578680203,-19
2024-03-02,UFC Fight Night: Rozenstruik vs. Gaziev,0,4.863636363636363,0.5429752066115703,0.9545454545454546,0.4411255411255412,True,35.0,6.0,2.0,0.0,38.51659269199009,0.0,39.78426395939086,57.433290978398986,55.717916137229984,56.797966963151204,40.917659132940976,27.30627605,21.96728296,8.275193798,585,28.76841872,30.48982556315285,556,29.56852791878173,29
2024-03-09,UFC 299: O'Malley vs. Vera 2,1,12.035714285714286,0.6580911730720996,1.6428571428571428,0.5296768707482993,True,145.0,16.0,7.0,1.0,91.70026068003352,32.80701754385965,99.36548223350253,91.35959339263025,94.15501905972046,83.73570520965693,83.70927264552184,90.16058984,55.44053732,4.825581395,88,67.71299588,71.02107153164005,66,91.75126903553299,22
2024-03-16,UFC Fight Night: Tuivasa vs. Tybura,0,7.115384615384615,0.556345914544295,0.7692307692307693,0.5146117771117772,True,34.0,6.0,3.0,0.0,42.80136939168731,0.0,77.72842639593908,63.40533672172808,37.73824650571792,81.06734434561626,49.23192037316638,35.07941905,31.66800833,9.476744186,452,36.42372047,38.278791813856536,419,46.954314720812185,33
2024-03-23,UFC Fight Night: Ribas vs. Namajunas,0,4.6923076923076925,0.48914397568243717,0.5384615384615384,0.37997557997558,True,8.0,1.0,0.0,0.0,1.6026785714285714,0.0,36.421319796954315,37.2299872935197,13.595933926302415,32.52858958068615,17.249419855073334,30.76073992,37.96542779,8.313953488,627,26.33034609,23.885885378333736,653,17.258883248730964,-26
2024-03-30,UFC Fight Night: Blanchfield vs. Fiorot,0,6.346153846153846,0.47851891698045546,1.1153846153846154,0.41165501165501167,True,49.0,5.0,2.0,0.0,42.90052126341867,0.0,67.51269035532995,33.54510800508259,70.83862770012706,44.47268106734435,43.16183137692936,45.08999072,41.17704171,9.864341085,402,39.88025752,39.8196236764875,398,49.619289340101524,4
2024-04-06,UFC Fight Night: Allen vs. Curtis 2,0,5.625,0.5214514652014652,0.75,0.3207792207792208,True,18.0,4.0,1.0,0.0,14.05533477842004,0.0,54.441624365482234,49.68233799237611,36.0864040660737,16.13722998729352,26.105263931097593,24.08320621,36.08011568,1.899224806,628,26.22965208,25.434274704704894,635,19.543147208121827,-7
2024-04-13,UFC 300: Pereira vs. Hill,2,13.692307692307692,0.6851161756705704,1.3461538461538463,0.5905320640897563,True,191.0,18.0,6.0,2.0,96.97847147480802,81.40350877192982,100.0,94.79034307496823,83.35451080050827,94.15501905972046,92.61201488144016,99.72058177,60.65638576,31.21388302,14,77.8305604,81.00584800406247,7,99.23857868020305,7
2024-04-27,UFC Fight Night: Nicolau vs. Perez,0,6.076923076923077,0.36750888000888,0.34615384615384615,0.3994646379261763,True,31.0,5.0,2.0,0.0,32.69516412056152,0.0,62.43654822335025,10.292249047013977,3.2401524777636594,40.15247776365947,26.065549087818688,9.980478988,18.69924078,4.496124031,729,17.25530472,18.749303332456595,716,9.263959390862944,13
2024-05-04,UFC 301: Pantoja vs. Erceg,1,7.423076923076923,0.6099429416737109,1.9230769230769231,0.4688634015557093,True,40.0,7.0,2.0,1.0,46.57894221044916,32.80701754385965,81.34517766497463,79.5425667090216,97.33163913595934,66.58195679796697,64.03885276238427,76.62503012,48.15730151,4.534883721,191,56.48628204,57.36347360139677,190,76.01522842639594,1
2024-05-11,UFC Fight Night: Lewis vs. Nascimento,0,8.458333333333334,0.709767316017316,1.5,0.5640046296296296,True,20.0,5.0,1.0,0.0,18.89015620699147,0.0,90.03807106598984,97.07750952986022,89.83481575603558,90.85133418043202,57.159289136621915,48.30030759,47.55016817,7.558139535,281,48.9139676,48.13619162354608,287,63.70558375634518,-6
2024-05-18,UFC Fight Night: Barboza vs. Murphy,0,6.0,0.4760108784893268,0.6666666666666666,0.4575757575757576,True,15.0,3.0,1.0,0.0,9.582120492705753,0.0,61.29441624365482,32.401524777636595,26.55654383735705,61.62642947903431,28.337684155087317,30.79658503,50.87724544,1.763565891,512,33.30502986,31.179934003840167,543,31.218274111675125,-31
2024-06-01,UFC 302: Makhachev vs. Poirier,1,10.958333333333334,0.6546849228510913,0.9166666666666666,0.5390966672216672,True,64.0,6.0,3.0,1.0,59.76104033871781,32.80701754385965,98.47715736040608,90.08894536213468,51.96950444726811,86.14993646759848,68.25727066699272,82.77093556,87.01905469,91.68604651,9,80.78785741,77.92074701281666,25,96.95431472081218,-16
2024-06-08,UFC Fight Night: Cannonier vs. Imavov,0,6.035714285714286,0.5505527210884354,0.5714285714285714,0.528656462585034,True,22.0,3.0,1.0,0.0,13.760691921277182,0.0,61.6751269035533,61.3722998729352,16.45489199491741,83.60864040660736,35.363741861305016,35.83510755,40.22979776,9.670542636,463,35.53103239,33.968654688000306,491,37.81725888324873,-28
2024-06-15,UFC Fight Night: Perez vs. Taira,0,3.6818181818181817,0.471241637150728,0.8636363636363636,0.4875541125541126,True,14.0,2.0,1.0,0.0,7.108906206991468,0.0,20.685279187817258,30.495552731893266,47.39517153748412,72.68106734434562,26.10866177431308,12.62082223,34.65512842,7.093023256,653,24.51420304,23.119995884784018,662,16.116751269035532,-9
2024-06-22,UFC Fight Night: Whittaker vs. Aliskerov,0,7.545454545454546,0.513053613053613,0.8636363636363636,0.33479683195592286,True,53.0,5.0,2.0,0.0,44.86927126341867,0.0,83.24873096446701,46.25158831003812,47.39517153748412,19.82210927573062,41.001245391306384,71.86969177,53.18086974,4.786821705,299,47.82580003,46.850378582700934,305,61.42131979695431,-6
2024-06-29,UFC 303: Pereira vs. Prochazka 2,1,10.115384615384615,0.6563409416670287,0.9230769230769231,0.5787528803415091,True,73.0,9.0,4.0,1.0,73.34414142597352,32.80701754385965,96.95431472081218,90.97839898348158,53.176620076238876,92.50317662007625,73.30197634001766,86.31476992,60.91358321,30.31007752,87,67.81096484,69.14015455700813,84,89.46700507614213,3
2024-07-13,UFC Fight Night: Namajunas vs. Cortez,0,7.25,0.5989364937894349,1.0833333333333333,0.48950077700077693,True,16.0,3.0,1.0,0.0,10.184799064134324,0.0,79.25126903553299,77.12833545108005,68.55146124523507,73.69758576874206,44.86345092932292,47.68535555,52.63950786,4.96124031,321,45.3487579,43.20478140868855,348,55.964467005076145,-27
2024-07-20,UFC Fight Night: Lemos vs. Jandiroba,0,6.681818181818182,0.5454545454545454,0.8181818181818182,0.4798160173160173,True,26.0,3.0,1.0,0.0,17.05533477842004,0.0,72.08121827411168,58.70393900889454,43.58322744599746,69.8856416772554,39.31216413040229,25.44365863,31.16643671,9.554263566,528,32.35245079,31.49324283138505,533,32.48730964467005,-5
2024-07-27,UFC 304: Edwards vs. Muhammad 2,2,7.571428571428571,0.60309177030496,1.5357142857142858,0.40412414965986393,True,92.0,9.0,4.0,2.0,83.49126221249038,81.40350877192982,83.50253807106598,77.76365946632782,90.5972045743329,42.058449809402795,77.59292916077543,60.34875765,69.2249151,4.437984496,139,62.37413112,64.6427538685567,120,84.8984771573604,19
2024-08-03,UFC Fight Night: Sandhagen vs. Nurmagomedov,0,8.038461538461538,0.5441353286252951,0.7307692307692307,0.4976273726273726,True,60.0,8.0,4.0,0.0,63.38000619322874,0.0,87.6269035532995,58.19567979669632,33.92630241423126,76.49301143583227,54.88786746597693,73.37433447,49.01903911,7.887596899,252,51.40550712,52.963720911849386,237,70.05076142131979,15
2024-08-10,UFC Fight Night: Tybura vs. Spivac 2,0,5.4,0.5388877496772233,0.7,0.2544642857142857,True,34.0,6.0,3.0,0.0,42.80136939168731,0.0,49.68274111675127,56.289707750952985,30.1143583227446,5.844980940279543,32.71086115580817,19.85253292,30.47549958,9.980620155,642,25.31611646,27.117225297171757,616,21.95431472081218,26
2024-08-17,UFC 305: Du Plessis vs. Adesanya,1,7.541666666666667,0.5711721863376275,0.875,0.5463553807303807,True,78.0,9.0,4.0,1.0,74.34860571168781,32.80701754385965,82.93147208121827,69.25031766200762,48.60228716645489,88.18297331639135,67.35295120129679,85.86606516,82.78234087,4.011627907,84,68.09889135,68.48616966989653,88,88.95939086294416,-4
2024-08-24,UFC Fight Night: Cannonier vs. Borralho,0,6.590909090909091,0.41757671250318307,0.8636363636363636,0.3824380165289256,True,31.0,5.0,2.0,0.0,32.69516412056152,0.0,71.06598984771574,18.297331639135958,47.39517153748412,33.7992376111817,33.68663152514091,39.46963266,48.27439801,1.937984496,468,35.3687827,34.99333569856482,469,40.609137055837564,-1
2024-09-07,UFC Fight Night: Burns vs. Brady,0,5.791666666666667,0.49594656886323546,1.0,0.431781045751634,True,36.0,4.0,2.0,0.0,32.32016412056152,0.0,57.233502538071065,40.27954256670902,60.419313850063524,52.85895806861499,39.20683361945266,35.94051365,36.29841216,6.414728682,483,34.68840264,34.56918001134822,477,39.59390862944163,6
2024-09-14,UFC 306: Riyadh Season Noche UFC,2,7.05,0.7233954933954936,1.9,0.5329166666666667,True,97.0,8.0,4.0,2.0,81.80822649820466,81.40350877192982,76.58629441624365,98.6022871664549,96.82337992376112,84.49809402795425,85.85036695234953,86.14635229,67.40903502,2.906976744,51,71.52541653,73.56405168068079,50,93.78172588832487,1
2024-09-28,UFC Fight Night: Moicano vs. Saint Denis,0,5.785714285714286,0.6811720521541951,1.4285714285714286,0.4578463203463203,True,30.0,5.0,2.0,0.0,31.971949834847234,0.0,57.10659898477157,94.15501905972046,86.97585768742059,62.00762388818297,51.625898897267554,13.59005897,24.6834624,1.550387597,550,30.67062342,32.32312695384308,521,34.01015228426396,29
2024-10-05,UFC 307: Pereira vs. Rountree Jr.,2,13.666666666666666,0.6364515449219396,1.4583333333333333,0.5091765873015873,True,123.0,13.0,6.0,2.0,94.29543576052231,81.40350877192982,99.8730964467005,86.53113087674714,88.31003811944092,80.17789072426937,89.37002381962898,96.97300308,61.41617241,30.09689922,25,76.00076005,78.96551948682934,18,97.84263959390863,7
2024-10-12,UFC Fight Night: Royval vs. Taira,0,7.041666666666667,0.4953643578643578,0.7083333333333334,0.4105718355718356,True,26.0,2.0,1.0,0.0,15.02408477842004,0.0,76.33248730964468,40.15247776365947,31.067344345616267,43.83735705209657,31.301778739468393,19.00842122,45.51284722,9.689922481,536,31.64565134,29.56248952505546,570,27.79187817258883,-34
2024-10-19,UFC Fight Night: Hernandez vs. Pereira,0,7.2272727272727275,0.5016805758115918,1.1818181818181819,0.4165223665223665,True,26.0,6.0,3.0,0.0,37.337083677401594,0.0,78.93401015228426,42.18551461245235,74.90470139771284,46.8869123252859,45.208684491503426,37.40618079,37.39285066,9.786821705,446,36.80015801,38.230463955591574,423,46.44670050761421,23
2024-10-26,UFC 308: Topuria vs. Holloway,1,8.615384615384615,0.7157881672080456,1.6153846153846154,0.488408160466984,True,84.0,9.0,4.0,1.0,76.23699856883067,32.80701754385965,91.49746192893402,97.58576874205845,93.32909783989834,73.06226175349428,77.23052466380346,92.26602262,89.40530582,3.914728682,26,75.76592625,75.8852064703496,33,95.93908629441624,-7
2024-11-02,UFC Fight Night: Moreno vs. Albazi,0,7.846153846153846,0.5322621457489878,0.7307692307692307,0.46537629037629036,True,60.0,8.0,4.0,0.0,63.38000619322874,0.0,85.65989847715736,53.1130876747141,33.92630241423126,65.43837357052097,52.353274557095936,61.6802633,57.99579798,8.178294574,268,50.13998347,51.22906923526413,257,67.51269035532995,11
2024-11-09,UFC Fight Night: Magny vs. Prates,0,7.454545454545454,0.4179947503476915,0.4090909090909091,0.381929686475141,True,6.0,3.0,1.0,0.0,6.930334778420039,0.0,81.91624365482234,18.678526048284624,6.416772554002541,33.29097839898348,21.72145332537903,22.65814331,40.50335251,1.124031008,641,25.48530528,23.999800710874354,650,17.639593908629443,-9
2024-11-16,UFC 309: Jones vs. Miocic,1,10.458333333333334,0.6427394846533868,1.0833333333333333,0.5972804972804973,True,69.0,8.0,3.0,1.0,66.1405046244321,32.80701754385965,97.84263959390863,87.80177890724269,68.55146124523507,95.42566709021601,73.38215040059433,98.18259201,83.64523096,5.910852713,33,74.73116252,74.34899550897339,45,94.41624365482234,-12
2024-11-23,UFC Fight Night: Yan vs. Figueiredo,0,4.3076923076923075,0.3607826468403391,0.8076923076923077,0.27840001878463416,True,58.0,6.0,3.0,0.0,54.814762248830164,0.0,30.20304568527919,9.40279542566709,42.058449809402795,8.89453621346887,29.122664473383562,39.65878263,60.01462127,8.352713178,453,36.4097683,36.15984583355644,455,42.38578680203046,-2
2024-12-07,UFC 310: Pantoja vs. Asakura,1,12.392857142857142,0.656575400599183,1.9642857142857142,0.5328285801500088,True,97.0,12.0,4.0,1.0,82.58521285454495,32.80701754385965,99.61928934010153,91.10546378653113,97.96696315120712,84.3710292249047,81.59733068288807,92.57974986,29.72564103,6.763565891,151,60.9483396,65.11831469902852,115,85.53299492385787,36
2024-12-14,UFC Fight Night: Covington vs. Buckley,0,8.653846153846153,0.6538048379560316,1.0769230769230769,0.46633089133089134,True,24.0,3.0,1.0,0.0,15.046406206991467,0.0,92.13197969543148,89.96188055908515,67.40787801778907,65.81956797966964,48.658904737373994,55.7680784,53.3151861,4.108527132,280,48.96674211,46.79226708239204,306,61.29441624365482,-26
2025-01-11,UFC Fight Night: Dern vs. Ribas 2,0,5.428571428571429,0.43772051361337067,0.32142857142857145,0.3585678210678211,True,18.0,2.0,1.0,0.0,9.077656206991467,0.0,50.380710659898476,22.87166454891995,2.6683608640406606,25.667090216010163,16.945592542539135,25.40528645,31.12338284,6.492248062,677,22.31231997,20.880504619568,694,12.055837563451776,-17
2025-01-18,UFC 311: Makhachev vs. Moicano,2,7.346153846153846,0.6814448654663587,2.423076923076923,0.5162324854632547,True,116.0,12.0,5.0,2.0,92.0249550971587,81.40350877192982,80.45685279187818,94.28208386277002,99.36467598475222,81.95679796696315,88.85243524210868,78.62207651,70.95221186,6.046511628,52,71.50716722,74.38311481557,44,94.54314720812182,8
2025-02-01,UFC Fight Night: Adesanya vs. Imavov,0,6.090909090909091,0.5864548849842968,1.1818181818181819,0.4037740037740038,True,52.0,7.0,2.0,0.0,50.07016412056152,0.0,63.07106598984772,74.33290978398983,74.90470139771284,41.93138500635324,50.61465794107497,78.84082111,66.90697668,5.813953488,185,56.90355583,55.92865351549448,206,73.98477157360406,-21
2025-02-08,UFC 312: Du Plessis vs. Strickland 2,2,5.083333333333333,0.46647727272727274,1.1666666666666667,0.4899871540496541,True,62.0,4.0,2.0,2.0,52.194812996966014,81.40350877192982,43.210659898477154,29.47903430749682,73.69758576874206,74.20584498094028,57.93797262095187,53.6218477,76.38909763,5.600775194,181,57.18011784,55.81395289763786,208,73.73096446700508,-27
2025-02-15,UFC Fight Night: Cannonier vs. Rodrigues,0,6.708333333333333,0.5624428811928812,1.0,0.47490079365079363,True,26.0,6.0,1.0,0.0,26.72051334984861,0.0,72.27157360406092,66.07369758576874,60.419313850063524,68.48792884371029,45.43150594865907,43.21069063,39.89354783,9.80620155,395,40.32309622,40.16204535258318,393,50.25380710659898,2
2025-02-22,UFC Fight Night: Cejudo vs. Song,0,7.125,0.5438664923039923,0.8333333333333334,0.4645111832611832,True,29.0,5.0,2.0,0.0,31.24873554913295,0.0,77.91878172588832,57.941550190597205,45.04447268106734,64.93011435832274,43.791509318562476,58.59542889,51.44099529,8.100775194,315,45.8691196,45.16218512553874,322,59.263959390862944,-7
2025-03-01,UFC Fight Night: Kape vs. Almabayev,0,6.1,0.6820161782661782,1.75,0.44375,True,22.0,3.0,1.0,0.0,13.760691921277182,0.0,63.388324873096444,94.40914866581956,95.1715374841169,57.433290978398986,47.58452985658362,14.55431755,25.18750564,1.608527132,546,30.82446185,30.79293754902847,551,30.20304568527919,-5
2025-03-08,UFC 313: Pereira vs. Ankalaev,1,7.8,0.6213374125874125,1.0,0.4614912864912865,True,72.0,7.0,3.0,1.0,65.48871891014637,32.80701754385965,85.40609137055839,83.10038119440915,60.419313850063524,63.786531130876746,65.21932258561137,85.65818417,78.01591995,33.58527132,57,70.31542633,69.36771842778123,81,89.84771573604061,-24
2025-03-15,UFC Fight Night: Vettori vs. Dolidze 2,0,5.8076923076923075,0.44085006873468413,0.8461538461538461,0.2665515040515041,True,12.0,2.0,1.0,0.0,6.586584778420039,0.0,57.5507614213198,23.37992376111817,45.93392630241423,7.115628970775095,20.733209097313836,22.16264687,35.62832161,9.341085271,648,24.81024802,23.185397777464363,660,16.370558375634516,-12
2025-03-22,UFC Fight Night: Edwards vs. Brady,0,7.0,0.6128338101457996,1.0769230769230769,0.41395815722738794,True,60.0,6.0,3.0,0.0,55.45761939168731,0.0,75.8248730964467,80.6861499364676,67.40787801778907,45.7433290978399,54.38999803830225,69.4395481,53.98291153,7.073643411,236,52.62030332,52.87970455731904,238,69.9238578680203,-2
2025-03-29,UFC Fight Night: Moreno vs. Erceg,0,6.208333333333333,0.4641531777401342,0.4583333333333333,0.3644917582417582,True,27.0,3.0,1.0,0.0,17.979441921277186,0.0,65.60913705583756,28.970775095298603,9.593392630241423,27.445997458703943,23.820534889994573,37.17594389,46.62491485,8.604651163,527,32.41478305,30.254100088497506,562,28.80710659898477,-35
2025-04-05,UFC Fight Night: Emmett vs. Murphy,0,6.041666666666667,0.40908639971139976,0.5833333333333334,0.19662698412698412,True,14.0,2.0,1.0,0.0,7.108906206991468,0.0,62.055837563451774,16.13722998729352,17.598475222363405,2.2871664548919948,15.86369115401754,12.61276951,48.49174437,1.841085271,668,23.16534856,20.924399511548067,693,12.18274111675127,-25
2025-04-12,UFC 314: Volkanovski vs. Lopes,1,10.692307692307692,0.6095833046264081,1.6538461538461537,0.5262485246796987,True,100.0,12.0,4.0,1.0,83.2280699974021,32.80701754385965,98.22335025380711,79.41550190597204,94.28208386277002,83.35451080050827,79.29996601058903,83.82155522,62.58336028,3.992248062,95,66.80844123,69.08629058107095,85,89.34010152284264,10
2025-04-26,UFC Fight Night: Machado Garry vs. Prates,0,7.5,0.5645113919080084,0.7857142857142857,0.5329561311704168,True,21.0,6.0,1.0,0.0,22.74283477842004,0.0,82.67766497461929,66.58195679796697,39.58068614993647,84.62515883100382,45.10801577901973,45.04045126,30.5074433,6.279069767,439,37.53061889,37.99813103824908,426,46.06598984771574,13
2025-05-03,UFC Fight Night: Sandhagen vs. Figueiredo,0,8.625,0.6341768418200306,1.0416666666666667,0.46547237484737486,True,48.0,8.0,3.0,0.0,55.16744082025873,0.0,91.68781725888326,85.38754764930114,64.16772554002542,65.69250317662008,59.521215353553806,74.24147413,57.44335717,8.682170543,190,56.50099714,57.21863900293475,191,75.88832487309645,-1
2025-05-10,UFC 315: Muhammad vs. Della Maddalena,2,9.625,0.6238943756406993,1.875,0.3925296721252603,True,102.0,9.0,4.0,2.0,84.93769078391895,81.40350877192982,95.43147208121827,83.98983481575604,96.3151207115629,37.35705209656925,80.71088562196077,91.04528425,61.55398447,7.151162791,78,68.98468206,71.41396278360196,60,92.51269035532995,18
2025-05-17,UFC Fight Night: Burns vs. Morales,0,7.2727272727272725,0.5782166522735577,1.1363636363636365,0.4128787878787879,True,16.0,4.0,2.0,0.0,18.699628406275806,0.0,79.69543147208121,71.66454891994918,72.23634053367218,44.98094027954257,43.21070509061707,20.13435791,42.37432113,8.062015504,485,34.64886445,34.43503528088385,480,39.213197969543145,5
2025-05-31,UFC Fight Night: Blanchfield vs. Barber,0,5.888888888888889,0.4984948693282027,0.7222222222222222,0.4712301587301588,True,9.0,1.0,0.0,0.0,2.004464285714286,0.0,59.13705583756346,41.29606099110546,32.14739517153748,67.34434561626429,28.590819352020187,23.0070904,,,567,29.88711114,26.784318808719537,620,21.446700507614214,-53
2025-06-07,UFC 316: Dvalishvili vs. O'Malley 2,2,8.23076923076923,0.6156320175550944,1.6923076923076923,0.48467995679534137,True,87.0,10.0,2.0,2.0,75.46267013982316,81.40350877192982,89.21319796954315,81.32147395171538,94.53621346886912,71.41041931385006,81.14267492857401,74.50813329,76.21816938,4.147286822,65,70.0258311,70.90014573674405,70,91.24365482233503,-5
2025-06-14,UFC Fight Night: Usman vs. Buckley,0,10.0,0.619460902836862,1.0384615384615385,0.5089472493318646,True,35.0,5.0,2.0,0.0,35.34694983484724,0.0,96.63705583756345,82.59212198221093,63.53240152477764,80.05082592121983,55.797821687662235,82.35615997,70.78329759,27.81007752,114,64.44710779,62.13868639152463,142,82.10659898477158,-28
2025-06-21,UFC Fight Night: Hill vs. Rountree Jr.,0,5.166666666666667,0.5972011784511784,0.75,0.4167289886039886,True,41.0,5.0,1.0,0.0,33.31426334984861,0.0,45.36802030456853,76.87420584498093,36.0864040660737,47.26810673443456,38.77782217796267,50.0343144,42.4404149,32.15116279,354,42.83072366,41.39735492686283,376,52.41116751269036,-22
2025-06-28,UFC 317: Topuria vs. Oliveira,2,10.181818181818182,0.7206381519549968,1.5,0.5928530461633228,True,87.0,9.0,4.0,2.0,82.20554792677609,81.40350877192982,97.08121827411168,98.22109275730622,89.83481575603558,94.66327827191868,89.23021231441511,87.52957031,74.13379583,3.682170543,32,74.98998228,76.98005526973095,27,96.7005076142132,5
2025-07-12,UFC Fight Night: Lewis vs. Teixeira,0,8.708333333333334,0.5492507616810355,0.9166666666666666,0.5848292606516291,True,16.0,4.0,1.0,0.0,13.131227635562897,0.0,92.51269035532995,60.864040660736975,51.96950444726811,93.39263024142312,45.76280948933501,72.71986707,52.52146808,7.325581395,253,51.31714791,49.33654423759411,274,65.35532994923858,-21
2025-07-19,UFC 318: Holloway vs. Poirier 3,0,9.964285714285714,0.4771196535294279,0.5714285714285714,0.47445887445887447,True,50.0,10.0,4.0,0.0,63.62554190751446,0.0,96.44670050761421,33.03684879288437,16.45489199491741,68.23379923761118,49.071776246878144,90.73978372,68.72223208,95.11627907,81,68.29406514,67.16628845656395,96,87.94416243654823,-15
2025-07-26,UFC Fight Night: Whittaker vs. De Ridder,0,7.75,0.5767560584279692,0.9583333333333334,0.5139753628724217,True,65.0,10.0,4.0,0.0,68.96929190751446,0.0,84.58121827411168,71.2833545108005,56.5438373570521,80.6861499364676,61.7240259832348,61.7168162,56.50545007,2.30620155,234,52.66004238,54.63257068668801,221,72.08121827411168,13
2025-08-02,UFC Fight Night: Taira vs. Park,0,5.583333333333333,0.5938777215431628,0.5833333333333334,0.45770202020202017,True,20.0,3.0,1.0,0.0,12.394620492705755,0.0,53.236040609137056,76.36594663278272,17.598475222363405,61.753494282083864,32.971940092303115,22.30980718,28.42724298,6.550387597,605,27.68086183,26.984282237359434,617,21.82741116751269,-12
2025-08-09,UFC Fight Night: Dolidze vs. Hernandez,0,8.5,0.49464521626979,0.9166666666666666,0.4927172364672365,True,27.0,5.0,2.0,0.0,30.043378406275806,0.0,90.54568527918782,40.02541296060991,51.96950444726811,74.84116899618806,45.046461557538294,37.76102887,40.61848396,9.321705426,415,38.75596472,38.89703568166762,411,47.96954314720812,4
2025-08-16,UFC 319: Du Plessis vs. Chimaev,1,10.25,0.5345646140860375,1.625,0.4594536046741929,True,82.0,11.0,4.0,1.0,78.55842714025924,32.80701754385965,97.33502538071066,54.129606099110546,93.7738246505718,62.897077509529865,71.29948530780733,83.57129881,65.04683911,5.968992248,116,64.21797937,66.09065280879138,104,86.92893401015228,12
2025-08-22,UFC - Road to UFC 4.6,0,1.75,0.35,0.25,0.25,True,0.0,0.0,0.0,0.0,0.0,0.0,4.885786802030457,7.6238881829733165,1.8424396442185513,5.463786531130877,2.774226162449448,0.69637883,,,785,2.316638942,2.101981437245215,784,0.6345177664974619,1
2025-08-23,UFC Fight Night: Walker vs. Zhang,0,6.166666666666667,0.4559763153513153,0.75,0.38078703703703703,True,19.0,4.0,1.0,0.0,14.698191921277182,0.0,64.65736040609137,26.683608640406607,36.0864040660737,32.65565438373571,26.82108142586619,55.54876495,27.64492762,8.410852713,529,32.2047201,31.48139509259845,534,32.36040609137056,-5
2025-09-06,UFC Fight Night: Imavov vs. Borralho,0,6.3076923076923075,0.5628877532723686,1.4615384615384615,0.3521520146520147,True,36.0,5.0,2.0,0.0,35.86927126341866,0.0,66.68781725888326,66.2007623888183,88.81829733163914,23.506988564167724,45.090722555116784,27.82150997,49.57588734,3.895348837,425,38.32778044,38.15869466725372,424,46.31979695431472,1
2025-09-13,UFC Fight Night: Lopes vs. Silva,0,7.071428571428571,0.45236638645125893,0.6071428571428571,0.441131388452817,True,53.0,5.0,2.0,0.0,44.86927126341867,0.0,76.84010152284264,26.04828462515883,19.567979669631512,56.92503176620076,38.57417704076233,53.16411778,37.66577772,5.058139535,428,38.14278456,38.23251240225067,422,46.5736040609137,6
2025-09-27,UFC Fight Night: Ulberg vs. Reyes,0,6.5,0.49799899174899176,1.2916666666666667,0.3157752472969864,True,24.0,3.0,1.0,0.0,15.046406206991467,0.0,69.41624365482234,41.04193138500635,81.2579415501906,14.358322744599747,33.364343368944105,25.97168913,50.76039829,7.034883721,478,34.99683333,32.93214555421429,505,36.04060913705584,-27
2025-10-04,UFC 320: Ankalaev vs. Pereira 2,2,7.857142857142857,0.6237634389420103,1.7857142857142858,0.48946044035329755,True,117.0,10.0,5.0,2.0,90.38656224001585,81.40350877192982,85.8502538071066,83.86277001270648,95.55273189326556,73.5705209656925,85.9495386351029,87.13696145,73.94945899,32.69379845,22,76.46702267,78.24518011394734,22,97.33502538071066,0
2025-10-11,UFC Fight Night: Oliveira vs. Gamrot,0,7.666666666666667,0.4452760386104376,0.5833333333333334,0.42599328006936704,True,31.0,4.0,2.0,0.0,29.14605697770438,0.0,84.2005076142132,24.52350698856417,17.598475222363405,50.82592121982211,33.54459463960612,74.78549371,57.8560804,3.197674419,309,46.73972555,44.931427280318815,329,58.37563451776649,-20
2025-10-18,UFC Fight Night: De Ridder vs. Allen,0,9.076923076923077,0.5221757876824559,0.8846153846153846,0.4869998591152437,True,61.0,7.0,3.0,0.0,58.25226224883017,0.0,94.16243654822335,50.19059720457433,49.30114358322745,72.1728081321474,54.69145664019321,50.57993716,43.5195918,0.213178295,332,44.35048994,45.88128425518888,314,60.27918781725889,18
2025-10-25,UFC 321: Aspinall vs. Gane,2,7.461538461538462,0.6967574908751379,1.9230769230769231,0.509386446886447,True,119.0,11.0,5.0,2.0,91.69459795430154,81.40350877192982,82.29695431472082,96.3151207115629,97.33163913595934,80.30495552731894,88.77968437089932,70.00743876,71.52700532,3.313953488,77,69.43566993,72.30762785701369,57,92.89340101522842,20
2025-11-01,UFC Fight Night: Garcia vs. Onama,0,4.846153846153846,0.592408659716352,1.1923076923076923,0.39438339438339437,True,39.0,5.0,2.0,0.0,37.35587840627581,0.0,39.276649746192895,75.8576874205845,76.17534942820838,38.11944091486658,43.32684137326208,5.376647494,30.80405721,10.0,602,27.89574282,28.890102066580557,587,25.63451776649746,15
2025-11-08,UFC Fight Night: Bonfim vs. Brown,0,7.791666666666667,0.6041374135124135,1.3333333333333333,0.4858495670995671,True,17.0,5.0,2.0,0.0,22.690699834847234,0.0,85.21573604060913,78.27191867852605,82.71918678526048,71.91867852604828,51.34478275471633,25.62203045,27.39514329,9.84496124,474,35.05468993,36.26687441396951,454,42.51269035532995,20
2025-11-15,UFC 322: Della Maddalena vs. Makhachev,2,9.678571428571429,0.7062697674590258,2.1785714285714284,0.5661411680056638,True,107.0,11.0,4.0,2.0,88.30376221249037,81.40350877192982,95.55837563451777,96.82337992376112,98.72935196950444,90.97839898348158,91.38015080339437,93.73471719,75.25499165,4.88372093,16,77.50245519,79.7009774073614,13,98.47715736040608,3
2025-11-22,UFC Fight Night: Tsarukyan vs. Hooker,0,6.964285714285714,0.5352597538217839,0.9285714285714286,0.349129045557617,True,85.0,10.0,4.0,0.0,75.27732762180017,0.0,75.50761421319797,54.510800508259216,53.93900889453621,22.236340533672173,51.450325267493234,51.48372065,54.6203789,5.891472868,317,45.68305249,47.59919881084689,295,62.69035532994924,22
2025-12-06,UFC 323: Dvalishvili vs. Yan 2,2,10.035714285714286,0.7176714504886096,2.4285714285714284,0.5681895485466913,True,130.0,13.0,5.0,2.0,93.94906224001583,81.40350877192982,96.8274111675127,97.83989834815756,99.55527318932656,91.4866581956798,93.58050362616966,95.20595817,73.12125885,1.279069767,17,77.35657572,80.20692638913805,11,98.73096446700508,6
2025-12-13,UFC Fight Night: Royval vs. Kape,0,6.208333333333333,0.4324034992784993,0.7083333333333334,0.3585851648351648,True,26.0,4.0,1.0,0.0,20.00176334984861,0.0,65.60913705583756,21.601016518424395,31.067344345616267,25.794155019059723,26.1705604164059,40.84565548,34.74305726,8.488372093,554,30.5513655,29.51681180364671,571,27.66497461928934,-17
2026-01-24,UFC 324: Gaethje vs. Pimblett,1,10.5,0.7204002337375544,1.5909090909090908,0.5849698281516463,True,130.0,14.0,6.0,1.0,90.2867078311483,32.80701754385965,97.96954314720813,97.96696315120712,92.82083862770013,93.64675984752223,85.2155694737941,97.69494851,64.93175044,5.07751938,44,72.87552342,75.48478766494529,34,95.81218274111674,10
2026-01-31,UFC 325: Volkanovski vs. Lopes 2,1,5.730769230769231,0.5091731584698336,0.6923076923076923,0.48154761904761906,True,62.0,8.0,4.0,1.0,67.08074856883067,32.80701754385965,56.34517766497462,44.218551461245234,29.288437102922487,70.39390088945362,52.75165642339299,70.40083946,67.20468949,7.189922481,217,54.39899482,55.25797057186078,215,72.84263959390863,2
2026-02-07,UFC Fight Night: Bautista vs. Oliveira,0,7.461538461538462,0.6089275763201102,1.1153846153846154,0.3569197896120973,True,40.0,5.0,2.0,0.0,37.99873554913295,0.0,82.29695431472082,79.16137229987294,70.83862770012706,24.777636594663278,47.39006339205366,23.83166494,31.63431725,9.418604651,499,34.08032969,34.943805707244685,471,40.35532994923858,28
2026-02-21,UFC Fight Night: Strickland vs. Hernandez,0,7.5,0.5548365540601565,1.2142857142857142,0.6411854514533086,True,53.0,8.0,3.0,0.0,57.618333677401594,0.0,82.67766497461929,63.024142312579414,77.89072426937739,98.22109275730622,62.339407507164005,51.88377569,66.65452693,5.620155039,208,54.78457552,55.31656953359544,213,73.09644670050761,-5
2026-02-28,UFC Fight Night: Moreno vs. Kavanagh,0,5.653846153846154,0.3560012762501451,0.4230769230769231,0.3162629037629037,True,40.0,5.0,2.0,0.0,37.99873554913295,0.0,55.01269035532995,8.513341804320202,7.115628970775095,14.993646759847524,23.388563769378074,46.8697006,37.01244569,1.821705426,577,29.36205851,29.394982060313914,574,27.284263959390863,3
2026-03-07,UFC 326: Holloway vs. Oliveira 2,0,10.791666666666666,0.5211822007890556,0.8333333333333334,0.5341658040027605,True,49.0,7.0,3.0,0.0,53.55136939168732,0.0,98.3502538071066,49.555273189326556,45.04447268106734,84.87928843710291,54.961511153550674,93.08274659,72.17579169,2.751937984,137,62.54263315,61.91436735063331,144,81.8527918781726,-7
2026-03-14,UFC Fight Night: Emmett vs. Vallejos,0,8.607142857142858,0.5810910093804831,1.0357142857142858,0.46140654979940693,True,28.0,5.0,2.0,0.0,30.64605697770438,0.0,91.37055837563452,72.80813214739517,63.15120711562897,63.6594663278272,49.93232804861933,40.29392948,33.12257214,3.333333333,418,38.65262239,39.453834592064894,405,48.73096446700508,13
2026-03-21,UFC Fight Night: Evloev vs. Murphy,0,3.576923076923077,0.48954635108481265,1.5,0.3598290598290598,True,36.0,4.0,1.0,0.0,26.75176334984861,0.0,19.670050761421322,37.484116899618805,89.83481575603558,25.921219822109276,32.23295745844048,9.897562976,51.32028116,2.112403101,564,30.03669489,28.50632645090262,593,24.873096446700508,-29
2026-03-28,UFC Fight Night: Adesanya vs. Pyfer,0,9.0,0.5857112320101696,0.9615384615384616,0.4628698224852072,True,55.0,8.0,3.0,0.0,58.462083677401594,0.0,93.78172588832487,73.95171537484117,57.30622617534943,64.16772554002542,58.02766012021621,80.29323581,64.30874027,4.84496124,169,58.7208292,58.989654516899456,172,78.2994923857868,-3
2026-04-04,UFC Fight Night: Moicano vs. Duncan,0,4.423076923076923,0.41483428851849913,0.46153846153846156,0.3250915750915751,True,28.0,3.0,1.0,0.0,18.582120492705755,0.0,31.218274111675125,17.78907242693774,10.038119440914867,17.15374841168996,16.242526162582205,16.55794245,31.14212042,,685,21.53001404,19.961750962430905,704,10.786802030456853,-19
2026-04-11,UFC 327: Prochazka vs. Ulberg,1,11.708333333333334,0.668394154578365,1.5416666666666667,0.5802083333333333,True,90.0,9.0,3.0,1.0,74.85479033871782,32.80701754385965,99.23857868020305,93.01143583227446,91.42312579415503,92.8843710292249,79.76747114477574,85.71743196,62.84791404,16.40310078,68,69.86635378,71.01772292459684,67,91.6243654822335,1
2026-04-18,UFC Fight Night: Burns vs. Malott,0,6.375,0.38501533189033194,0.4583333333333333,0.3142361111111111,True,23.0,4.0,1.0,0.0,17.349977635562894,0.0,67.95685279187818,12.452350698856417,9.593392630241423,13.595933926302415,19.70878749728785,20.45863767,37.04887362,9.282945736,661,23.72842206,22.645989306152412,666,15.609137055837563,-5
2026-04-25,UFC Fight Night: Sterling vs. Zalal,0,8.884615384615385,0.4926988044635104,1.2692307692307692,0.351929361488185,True,44.0,6.0,2.0,0.0,44.021056977704376,0.0,93.2741116751269,38.88182973316391,79.79669631512071,23.37992376111817,46.152875701145476,36.06720072,48.24099503,9.050387597,393,40.55818645,40.68316464722692,387,51.01522842639594,6
2026-05-02,UFC Fight Night: Della Maddalena vs. Prates,0,6.538461538461538,0.5310554804672452,0.8076923076923077,0.47002262443438914,True,41.0,6.0,2.0,0.0,42.052306977704376,0.0,70.05076142131979,52.731893265565446,42.058449809402795,66.96315120711563,45.068287891787826,50.42724467,49.91621829,6.337209302,343,43.53277848,43.440695211622405,344,56.47208121827412,-1
2026-05-09,UFC 328: Chimaev vs. Strickland,2,12.076923076923077,0.7152261577035333,1.5769230769230769,0.5929936035139655,True,91.0,8.0,3.0,2.0,77.73405398237753,81.40350877192982,99.49238578680203,97.4587039390089,92.3125794155019,94.79034307496823,88.48426913306278,75.45632819,79.24578379,3.023255814,36,73.97638995,75.03955401820888,37,95.43147208121827,-1
2026-05-16,UFC Fight Night: Allen vs. Costa,0,5.846153846153846,0.42165131876670336,0.9230769230769231,0.3638181263181263,True,29.0,4.0,2.0,0.0,27.699628406275806,0.0,57.868020304568525,19.440914866581956,53.176620076238876,26.810673443456164,30.331360538601118,16.83813865,35.12390428,3.100775194,639,25.59709315,25.694152811756517,631,20.050761421319795,8
2026-05-30,UFC Fight Night: Song vs. Figueiredo,0,7.384615384615385,0.4229069094323966,0.38461538461538464,0.3092503650195958,True,42.0,7.0,2.0,0.0,45.248735549132945,0.0,80.6472081218274,19.82210927573062,5.209656925031767,12.960609911054638,30.184162457450103,63.65143659,57.75077674,8.565891473,366,42.10673623,41.449790810327045,375,52.53807106598985,-9
2026-06-06,UFC Fight Night: Muhammad vs. Bonfim,0,8.541666666666666,0.5902485246235246,1.375,0.6001984126984127,True,30.0,4.0,1.0,0.0,22.85444192127718,0.0,90.98984771573603,75.22236340533672,84.81575603557815,95.67979669631512,55.3954195157984,48.09724231,48.89263182,8.720930233,279,49.10367011,47.69175830916726,291,63.1979695431472,-12
2026-06-14,UFC Freedom 250,2,11.0,0.7464230853631777,2.4285714285714284,0.7058261183261182,True,118.0,11.0,5.0,2.0,91.53388366858726,81.40350877192982,98.60406091370558,99.36467598475222,99.55527318932656,99.36467598475222,94.42107237880148,99.90239141,82.60908584,2.596899225,5,81.73419898,83.8459082117487,4,99.61928934010153,1
2026-06-20,UFC Fight Night: Kape vs. Horiguchi,0,5.916666666666667,0.5131627680311891,1.125,0.3154990842490842,True,41.0,5.0,2.0,0.0,38.88266412056152,0.0,59.77157360406091,46.37865311308767,71.6010165184244,14.23125794155019,38.542349400965705,16.72140461,44.49896448,8.914728682,531,32.08588901,32.08943479244423,526,33.37563451776649,5
2026-06-27,UFC Fight Night: Fiziev vs. Torres,0,5.230769230769231,0.5450603318250378,0.8461538461538461,0.5001373626373626,True,16.0,4.0,2.0,0.0,18.699628406275806,0.0,46.63705583756345,58.57687420584497,45.93392630241423,77.63659466327827,37.639711663156874,31.79496919,27.26439008,9.496124031,545,30.82606308,31.256938807552164,542,31.34517766497462,3
2026-07-11,UFC 329: McGregor vs. Holloway 2,0,10.428571428571429,0.6863686228929442,1.0357142857142858,0.566719849204504,True,81.0,10.0,4.0,0.0,74.15232762180017,0.0,97.71573604060913,95.1715374841169,63.15120711562897,91.10546378653113,70.84585050630412,95.71422816,60.40176681,91.9397463,30,75.03769173,76.1285847562999,30,96.31979695431471,0
2026-07-18,UFC Fight Night: Du Plessis vs. Usman,0,4.458333333333333,0.6206461829268846,0.7083333333333334,0.5618235930735931,True,44.0,6.0,3.0,0.0,49.069226534544455,0.0,32.10659898477157,82.84625158831004,31.067344345616267,90.5972045743329,47.84720388938765,66.03474745,68.89976485,26.74418605,301,47.62550937,54.369725100118316,226,71.44670050761421,75
2026-07-25,UFC Fight Night: Ankalaev vs. Guskov,0,5.166666666666667,0.6207671957671957,0.75,0.5147058823529411,True,46.0,6.0,2.0,0.0,44.904985549132945,0.0,45.36802030456853,82.9733163913596,36.0864040660737,81.19440914866583,47.85859665223336,35.80250164,44.48446842,8.837209302,508,33.55441728,40.56180880342735,389,50.76142131979695,119
2026-08-01,UFC Fight Night: Medic vs. Rodriguez,0,5.357142857142857,0.47613035113035107,0.5714285714285714,0.6080357142857142,True,20.0,5.0,2.0,0.0,24.45855697770438,0.0,48.79441624365482,32.65565438373571,16.45489199491741,96.3151207115629,34.52837876005323,36.69189455,25.4035475,9.244186047,666,23.20988723,30.468470085324487,558,29.314720812182742,108
2026-08-08,UFC Fight Night: Gamrot vs. Salkilld,0,5.625,0.5488106991048168,0.5416666666666666,0.5490172189733593,True,24.0,4.0,2.0,0.0,23.56123554913295,0.0,54.441624365482234,60.60991105463786,14.294790343074967,88.56416772554002,37.575839753162796,30.20203262,41.63767624,8.430232558,570,29.54086334,33.932645491454885,492,37.690355329949234,78
2026-08-15,UFC 330: Makhachev vs. Machado Garry,2,11.291666666666666,0.6303360562451471,1.625,0.6213449015970024,True,58.0,4.0,2.0,2.0,50.828741568394584,81.40350877192982,98.98477157360406,84.87928843710291,93.7738246505718,97.58576874205845,79.17642517505577,76.56355256,81.43930245,18.41085271,42,73.23620489,73.02286895372565,52,93.52791878172589,-10
2026-08-22,UFC Fight Night: Hernandez vs. Rodrigues,0,5.961538461538462,0.720967920967921,0.8846153846153846,0.5831709956709956,True,25.0,3.0,1.0,0.0,15.970513349848611,0.0,60.913705583756354,98.34815756035579,49.30114358322745,93.13850063532402,47.029365035727494,38.23559913,39.71091891,9.302325581,419,38.54334139,39.71197444333465,401,49.23857868020304,18
2026-08-29,UFC Fight Night: Nurmagomedov vs. Song,0,4.961538461538462,0.5223603881498619,0.46153846153846156,0.4232390873015873,True,42.0,5.0,2.0,0.0,39.646056977704376,0.0,41.49746192893401,50.31766200762389,10.038119440914867,49.68233799237611,33.108798485090155,34.81419013,52.65813867,2.790697674,559,30.3454629,34.75302940654147,473,40.10152284263959,86
2026-09-05,UFC Fight Night: Hooker vs. Parnasse,0,5.25,0.6343184593184593,0.9642857142857143,0.5738778765094554,True,10.0,3.0,0.0,0.0,5.772321428571429,0.0,47.01776649746193,85.64167725540025,57.814485387547656,92.24904701397712,41.3129130901856,15.46069529,20.27647585,7.61627907,688,21.18439928,27.627745579285378,609,22.84263959390863,79
2026-09-12,Noche UFC: Silva vs. Delgado,0,8.692307692307692,0.7434623383152795,1.0769230769230769,0.5160909692159693,True,75.0,8.0,2.0,0.0,60.123735549132945,0.0,92.38578680203045,99.23761118170266,67.40787801778907,81.70266836086404,65.73987287547396,75.31645365,22.8811052,3.139534884,286,48.56018934,52.157757958118026,249,68.52791878172589,37
2026-09-19,UFC 331: Van vs. Pantoja 2,1,9.125,0.6215747929902342,1.2916666666666667,0.6967846163498336,True,70.0,9.0,3.0,1.0,68.86818319586067,32.80701754385965,94.54314720812182,83.2274459974587,81.2579415501906,98.98348157560356,75.37511970129101,71.91393741,69.06485887,3.527131783,108,64.89964555,66.04060342249386,105,86.80203045685279,3
